OrderId,OrderDate,CustomerId,CustomerSegment,ProductId,ProductName,ProductCategory,Region,Quantity,Revenue,Cost
O00001,2024-08-24,C043,Consumer,P04,Water Bottle,Outdoor,West,3,84,36
O00002,2025-12-07,C074,Consumer,P04,Water Bottle,Outdoor,East,5,140,60
O00003,2025-08-13,C050,Consumer,P03,Wireless Speaker,Electronics,East,1,125,77
O00004,2025-03-25,C003,Business,P02,Travel Pack,Travel,West,3,276,153
O00005,2024-06-20,C041,Consumer,P02,Travel Pack,Travel,South,5,460,255
O00006,2025-08-24,C016,Consumer,P01,Desk Lamp,Home,North,1,48,27
O00007,2024-08-09,C037,Consumer,P04,Water Bottle,Outdoor,South,2,56,24
O00008,2024-05-08,C061,Consumer,P03,Wireless Speaker,Electronics,South,1,125,77
O00009,2024-05-27,C013,Consumer,P01,Desk Lamp,Home,South,3,144,81
O00010,2024-11-21,C035,Consumer,P01,Desk Lamp,Home,West,4,192,108
O00011,2025-08-14,C078,Business,P01,Desk Lamp,Home,East,3,144,81
O00012,2024-11-04,C008,Consumer,P04,Water Bottle,Outdoor,North,7,196,84
O00013,2025-11-14,C014,Consumer,P02,Travel Pack,Travel,East,2,184,102
O00014,2025-11-10,C003,Business,P04,Water Bottle,Outdoor,West,8,224,96
O00015,2024-01-23,C030,Business,P04,Water Bottle,Outdoor,East,2,56,24
O00016,2025-04-14,C010,Consumer,P02,Travel Pack,Travel,East,7,644,357
O00017,2024-10-13,C069,Business,P04,Water Bottle,Outdoor,South,1,28,12
O00018,2024-11-25,C060,Business,P01,Desk Lamp,Home,North,3,144,81
O00019,2024-02-10,C009,Business,P02,Travel Pack,Travel,South,2,184,102
O00020,2025-11-02,C053,Consumer,P02,Travel Pack,Travel,South,2,184,102
O00021,2024-04-11,C077,Consumer,P04,Water Bottle,Outdoor,South,4,112,48
O00022,2025-01-06,C056,Consumer,P02,Travel Pack,Travel,North,8,736,408
O00023,2024-03-25,C058,Consumer,P04,Water Bottle,Outdoor,East,5,140,60
O00024,2024-10-10,C032,Consumer,P02,Travel Pack,Travel,North,7,644,357
O00025,2025-01-23,C080,Consumer,P03,Wireless Speaker,Electronics,North,5,625,385
O00026,2024-08-07,C011,Consumer,P04,Water Bottle,Outdoor,West,3,84,36
O00027,2024-08-18,C004,Consumer,P02,Travel Pack,Travel,North,3,276,153
O00028,2024-03-06,C031,Consumer,P04,Water Bottle,Outdoor,West,4,112,48
O00029,2024-12-02,C064,Consumer,P02,Travel Pack,Travel,North,2,184,102
O00030,2025-11-23,C050,Consumer,P02,Travel Pack,Travel,East,2,184,102
O00031,2024-07-16,C077,Consumer,P04,Water Bottle,Outdoor,South,8,224,96
O00032,2024-10-04,C046,Consumer,P04,Water Bottle,Outdoor,East,6,168,72
O00033,2025-08-26,C023,Consumer,P01,Desk Lamp,Home,West,3,144,81
O00034,2025-06-14,C066,Business,P02,Travel Pack,Travel,East,3,276,153
O00035,2024-02-12,C010,Consumer,P04,Water Bottle,Outdoor,East,6,168,72
O00036,2024-11-11,C052,Consumer,P02,Travel Pack,Travel,North,5,460,255
O00037,2025-01-23,C034,Consumer,P02,Travel Pack,Travel,East,4,368,204
O00038,2025-09-28,C036,Business,P01,Desk Lamp,Home,North,7,336,189
O00039,2025-05-18,C052,Consumer,P03,Wireless Speaker,Electronics,North,4,500,308
O00040,2025-04-26,C065,Consumer,P01,Desk Lamp,Home,South,8,384,216
O00041,2024-07-05,C062,Consumer,P02,Travel Pack,Travel,East,8,736,408
O00042,2024-09-09,C010,Consumer,P03,Wireless Speaker,Electronics,East,8,1000,616
O00043,2025-01-19,C073,Consumer,P04,Water Bottle,Outdoor,South,1,28,12
O00044,2025-02-26,C026,Consumer,P01,Desk Lamp,Home,East,8,384,216
O00045,2025-08-16,C047,Consumer,P03,Wireless Speaker,Electronics,West,3,375,231
O00046,2024-08-15,C003,Business,P04,Water Bottle,Outdoor,West,3,84,36
O00047,2024-01-28,C020,Consumer,P04,Water Bottle,Outdoor,North,7,196,84
O00048,2024-10-04,C030,Business,P01,Desk Lamp,Home,East,1,48,27
O00049,2024-07-09,C050,Consumer,P02,Travel Pack,Travel,East,1,92,51
O00050,2025-06-06,C076,Consumer,P03,Wireless Speaker,Electronics,North,3,375,231
O00051,2025-08-04,C009,Business,P04,Water Bottle,Outdoor,South,1,28,12
O00052,2024-07-03,C048,Business,P02,Travel Pack,Travel,North,5,460,255
O00053,2025-11-05,C012,Business,P04,Water Bottle,Outdoor,North,8,224,96
O00054,2024-04-18,C040,Consumer,P01,Desk Lamp,Home,North,5,240,135
O00055,2025-07-11,C009,Business,P04,Water Bottle,Outdoor,South,6,168,72
O00056,2025-06-08,C048,Business,P04,Water Bottle,Outdoor,North,3,84,36
O00057,2025-01-14,C010,Consumer,P01,Desk Lamp,Home,East,7,336,189
O00058,2025-04-13,C021,Business,P03,Wireless Speaker,Electronics,South,3,375,231
O00059,2024-04-01,C021,Business,P03,Wireless Speaker,Electronics,South,2,250,154
O00060,2024-11-11,C041,Consumer,P01,Desk Lamp,Home,South,6,288,162
O00061,2024-07-18,C003,Business,P03,Wireless Speaker,Electronics,West,1,125,77
O00062,2024-01-17,C016,Consumer,P04,Water Bottle,Outdoor,North,3,84,36
O00063,2024-10-07,C068,Consumer,P03,Wireless Speaker,Electronics,North,6,750,462
O00064,2025-06-26,C061,Consumer,P02,Travel Pack,Travel,South,7,644,357
O00065,2025-11-16,C033,Business,P04,Water Bottle,Outdoor,South,5,140,60
O00066,2024-01-27,C032,Consumer,P02,Travel Pack,Travel,North,5,460,255
O00067,2025-11-11,C025,Consumer,P01,Desk Lamp,Home,South,6,288,162
O00068,2024-09-13,C037,Consumer,P03,Wireless Speaker,Electronics,South,5,625,385
O00069,2024-04-04,C037,Consumer,P03,Wireless Speaker,Electronics,South,2,250,154
O00070,2024-11-08,C074,Consumer,P03,Wireless Speaker,Electronics,East,3,375,231
O00071,2025-07-14,C070,Consumer,P04,Water Bottle,Outdoor,East,1,28,12
O00072,2025-01-17,C030,Business,P03,Wireless Speaker,Electronics,East,7,875,539
O00073,2025-11-01,C054,Business,P04,Water Bottle,Outdoor,East,4,112,48
O00074,2024-03-03,C026,Consumer,P01,Desk Lamp,Home,East,5,240,135
O00075,2024-06-26,C003,Business,P03,Wireless Speaker,Electronics,West,8,1000,616
O00076,2025-06-06,C012,Business,P04,Water Bottle,Outdoor,North,8,224,96
O00077,2025-10-11,C016,Consumer,P01,Desk Lamp,Home,North,7,336,189
O00078,2025-07-17,C011,Consumer,P04,Water Bottle,Outdoor,West,2,56,24
O00079,2025-11-29,C012,Business,P01,Desk Lamp,Home,North,5,240,135
O00080,2025-02-01,C056,Consumer,P04,Water Bottle,Outdoor,North,5,140,60
O00081,2025-09-25,C020,Consumer,P01,Desk Lamp,Home,North,2,96,54
O00082,2024-12-28,C050,Consumer,P04,Water Bottle,Outdoor,East,8,224,96
O00083,2025-08-24,C048,Business,P02,Travel Pack,Travel,North,2,184,102
O00084,2024-07-30,C038,Consumer,P02,Travel Pack,Travel,East,3,276,153
O00085,2025-05-12,C035,Consumer,P03,Wireless Speaker,Electronics,West,8,1000,616
O00086,2025-06-20,C032,Consumer,P01,Desk Lamp,Home,North,4,192,108
O00087,2025-11-08,C004,Consumer,P02,Travel Pack,Travel,North,2,184,102
O00088,2024-11-29,C035,Consumer,P01,Desk Lamp,Home,West,4,192,108
O00089,2024-09-15,C017,Consumer,P02,Travel Pack,Travel,South,3,276,153
O00090,2025-08-20,C045,Business,P02,Travel Pack,Travel,South,1,92,51
O00091,2024-03-24,C011,Consumer,P04,Water Bottle,Outdoor,West,2,56,24
O00092,2025-10-25,C046,Consumer,P01,Desk Lamp,Home,East,3,144,81
O00093,2024-10-13,C026,Consumer,P01,Desk Lamp,Home,East,6,288,162
O00094,2024-05-29,C010,Consumer,P02,Travel Pack,Travel,East,5,460,255
O00095,2024-03-10,C021,Business,P01,Desk Lamp,Home,South,3,144,81
O00096,2025-07-09,C031,Consumer,P04,Water Bottle,Outdoor,West,4,112,48
O00097,2024-08-11,C062,Consumer,P03,Wireless Speaker,Electronics,East,5,625,385
O00098,2025-06-05,C045,Business,P01,Desk Lamp,Home,South,7,336,189
O00099,2025-04-01,C045,Business,P04,Water Bottle,Outdoor,South,8,224,96
O00100,2025-10-01,C050,Consumer,P03,Wireless Speaker,Electronics,East,5,625,385
O00101,2024-01-24,C013,Consumer,P02,Travel Pack,Travel,South,8,736,408
O00102,2025-03-19,C038,Consumer,P02,Travel Pack,Travel,East,8,736,408
O00103,2025-05-09,C020,Consumer,P04,Water Bottle,Outdoor,North,6,168,72
O00104,2024-12-20,C012,Business,P02,Travel Pack,Travel,North,2,184,102
O00105,2024-10-23,C070,Consumer,P01,Desk Lamp,Home,East,5,240,135
O00106,2024-12-07,C031,Consumer,P03,Wireless Speaker,Electronics,West,4,500,308
O00107,2025-10-13,C066,Business,P01,Desk Lamp,Home,East,8,384,216
O00108,2025-08-31,C009,Business,P04,Water Bottle,Outdoor,South,8,224,96
O00109,2025-09-19,C013,Consumer,P02,Travel Pack,Travel,South,7,644,357
O00110,2025-10-17,C052,Consumer,P02,Travel Pack,Travel,North,3,276,153
O00111,2025-03-27,C003,Business,P01,Desk Lamp,Home,West,4,192,108
O00112,2024-12-15,C053,Consumer,P02,Travel Pack,Travel,South,7,644,357
O00113,2025-04-17,C054,Business,P02,Travel Pack,Travel,East,5,460,255
O00114,2024-02-04,C051,Business,P03,Wireless Speaker,Electronics,West,7,875,539
O00115,2024-12-19,C026,Consumer,P03,Wireless Speaker,Electronics,East,3,375,231
O00116,2024-12-01,C005,Consumer,P02,Travel Pack,Travel,South,7,644,357
O00117,2024-02-20,C061,Consumer,P01,Desk Lamp,Home,South,8,384,216
O00118,2024-06-20,C036,Business,P04,Water Bottle,Outdoor,North,8,224,96
O00119,2025-03-17,C058,Consumer,P02,Travel Pack,Travel,East,2,184,102
O00120,2025-06-01,C062,Consumer,P02,Travel Pack,Travel,East,1,92,51
O00121,2024-05-31,C025,Consumer,P01,Desk Lamp,Home,South,5,240,135
O00122,2025-11-16,C008,Consumer,P01,Desk Lamp,Home,North,6,288,162
O00123,2025-01-07,C077,Consumer,P01,Desk Lamp,Home,South,8,384,216
O00124,2024-11-27,C033,Business,P03,Wireless Speaker,Electronics,South,6,750,462
O00125,2025-08-07,C009,Business,P02,Travel Pack,Travel,South,4,368,204
O00126,2025-03-19,C002,Consumer,P01,Desk Lamp,Home,East,7,336,189
O00127,2025-12-24,C011,Consumer,P01,Desk Lamp,Home,West,8,384,216
O00128,2025-06-29,C001,Consumer,P02,Travel Pack,Travel,South,3,276,153
O00129,2024-02-20,C051,Business,P04,Water Bottle,Outdoor,West,2,56,24
O00130,2025-04-22,C017,Consumer,P01,Desk Lamp,Home,South,4,192,108
O00131,2024-04-19,C024,Business,P02,Travel Pack,Travel,North,7,644,357
O00132,2024-02-18,C021,Business,P02,Travel Pack,Travel,South,2,184,102
O00133,2025-07-04,C005,Consumer,P02,Travel Pack,Travel,South,1,92,51
O00134,2024-12-06,C052,Consumer,P01,Desk Lamp,Home,North,2,96,54
O00135,2024-02-26,C034,Consumer,P03,Wireless Speaker,Electronics,East,3,375,231
O00136,2025-04-05,C036,Business,P03,Wireless Speaker,Electronics,North,2,250,154
O00137,2024-12-20,C058,Consumer,P04,Water Bottle,Outdoor,East,4,112,48
O00138,2024-01-02,C057,Business,P03,Wireless Speaker,Electronics,South,2,250,154
O00139,2025-05-01,C056,Consumer,P01,Desk Lamp,Home,North,7,336,189
O00140,2024-09-24,C026,Consumer,P03,Wireless Speaker,Electronics,East,1,125,77
O00141,2025-12-07,C002,Consumer,P03,Wireless Speaker,Electronics,East,8,1000,616
O00142,2025-09-19,C034,Consumer,P02,Travel Pack,Travel,East,3,276,153
O00143,2025-11-02,C058,Consumer,P02,Travel Pack,Travel,East,3,276,153
O00144,2024-07-19,C062,Consumer,P02,Travel Pack,Travel,East,2,184,102
O00145,2024-10-01,C020,Consumer,P01,Desk Lamp,Home,North,3,144,81
O00146,2024-04-14,C058,Consumer,P02,Travel Pack,Travel,East,5,460,255
O00147,2024-08-14,C067,Consumer,P03,Wireless Speaker,Electronics,West,1,125,77
O00148,2025-10-21,C023,Consumer,P04,Water Bottle,Outdoor,West,6,168,72
O00149,2025-09-05,C039,Business,P04,Water Bottle,Outdoor,West,7,196,84
O00150,2025-03-11,C014,Consumer,P01,Desk Lamp,Home,East,4,192,108
O00151,2025-08-23,C002,Consumer,P03,Wireless Speaker,Electronics,East,1,125,77
O00152,2024-09-21,C003,Business,P03,Wireless Speaker,Electronics,West,8,1000,616
O00153,2024-11-27,C066,Business,P03,Wireless Speaker,Electronics,East,4,500,308
O00154,2024-03-23,C043,Consumer,P02,Travel Pack,Travel,West,6,552,306
O00155,2024-02-28,C025,Consumer,P02,Travel Pack,Travel,South,3,276,153
O00156,2025-11-17,C051,Business,P02,Travel Pack,Travel,West,5,460,255
O00157,2025-01-08,C028,Consumer,P03,Wireless Speaker,Electronics,North,3,375,231
O00158,2025-09-10,C067,Consumer,P04,Water Bottle,Outdoor,West,2,56,24
O00159,2025-05-17,C057,Business,P03,Wireless Speaker,Electronics,South,5,625,385
O00160,2024-02-17,C049,Consumer,P01,Desk Lamp,Home,South,6,288,162
O00161,2025-10-12,C057,Business,P01,Desk Lamp,Home,South,7,336,189
O00162,2025-07-28,C077,Consumer,P01,Desk Lamp,Home,South,2,96,54
O00163,2024-02-20,C071,Consumer,P04,Water Bottle,Outdoor,West,2,56,24
O00164,2025-10-08,C009,Business,P03,Wireless Speaker,Electronics,South,3,375,231
O00165,2024-07-16,C033,Business,P01,Desk Lamp,Home,South,4,192,108
O00166,2025-11-08,C056,Consumer,P02,Travel Pack,Travel,North,8,736,408
O00167,2024-09-26,C014,Consumer,P04,Water Bottle,Outdoor,East,2,56,24
O00168,2024-05-26,C030,Business,P03,Wireless Speaker,Electronics,East,4,500,308
O00169,2025-05-20,C045,Business,P04,Water Bottle,Outdoor,South,4,112,48
O00170,2025-06-30,C019,Consumer,P04,Water Bottle,Outdoor,West,3,84,36
O00171,2024-08-11,C075,Business,P01,Desk Lamp,Home,West,5,240,135
O00172,2025-01-10,C052,Consumer,P01,Desk Lamp,Home,North,1,48,27
O00173,2025-11-04,C028,Consumer,P04,Water Bottle,Outdoor,North,6,168,72
O00174,2025-10-22,C001,Consumer,P01,Desk Lamp,Home,South,2,96,54
O00175,2025-03-02,C076,Consumer,P01,Desk Lamp,Home,North,4,192,108
O00176,2025-08-21,C045,Business,P04,Water Bottle,Outdoor,South,4,112,48
O00177,2024-07-06,C072,Business,P03,Wireless Speaker,Electronics,North,8,1000,616
O00178,2025-12-22,C049,Consumer,P04,Water Bottle,Outdoor,South,4,112,48
O00179,2024-11-02,C012,Business,P04,Water Bottle,Outdoor,North,7,196,84
O00180,2024-08-18,C002,Consumer,P03,Wireless Speaker,Electronics,East,4,500,308
O00181,2025-01-27,C045,Business,P04,Water Bottle,Outdoor,South,2,56,24
O00182,2025-03-27,C029,Consumer,P04,Water Bottle,Outdoor,South,4,112,48
O00183,2025-04-16,C049,Consumer,P01,Desk Lamp,Home,South,6,288,162
O00184,2024-06-27,C020,Consumer,P01,Desk Lamp,Home,North,3,144,81
O00185,2024-11-29,C031,Consumer,P01,Desk Lamp,Home,West,6,288,162
O00186,2025-07-03,C068,Consumer,P04,Water Bottle,Outdoor,North,7,196,84
O00187,2024-06-14,C046,Consumer,P02,Travel Pack,Travel,East,3,276,153
O00188,2025-03-04,C003,Business,P04,Water Bottle,Outdoor,West,5,140,60
O00189,2025-01-20,C038,Consumer,P02,Travel Pack,Travel,East,1,92,51
O00190,2024-08-27,C053,Consumer,P03,Wireless Speaker,Electronics,South,7,875,539
O00191,2025-11-16,C037,Consumer,P04,Water Bottle,Outdoor,South,1,28,12
O00192,2024-07-25,C011,Consumer,P02,Travel Pack,Travel,West,3,276,153
O00193,2025-10-09,C051,Business,P02,Travel Pack,Travel,West,7,644,357
O00194,2024-06-28,C057,Business,P02,Travel Pack,Travel,South,5,460,255
O00195,2025-01-17,C015,Business,P02,Travel Pack,Travel,West,7,644,357
O00196,2025-04-16,C061,Consumer,P02,Travel Pack,Travel,South,3,276,153
O00197,2024-04-08,C004,Consumer,P01,Desk Lamp,Home,North,5,240,135
O00198,2025-11-22,C042,Business,P03,Wireless Speaker,Electronics,East,3,375,231
O00199,2025-05-15,C080,Consumer,P02,Travel Pack,Travel,North,7,644,357
O00200,2025-04-01,C029,Consumer,P01,Desk Lamp,Home,South,7,336,189
O00201,2024-02-29,C052,Consumer,P04,Water Bottle,Outdoor,North,5,140,60
O00202,2025-09-06,C043,Consumer,P04,Water Bottle,Outdoor,West,2,56,24
O00203,2025-06-11,C065,Consumer,P02,Travel Pack,Travel,South,8,736,408
O00204,2024-03-19,C011,Consumer,P04,Water Bottle,Outdoor,West,8,224,96
O00205,2024-08-01,C029,Consumer,P04,Water Bottle,Outdoor,South,2,56,24
O00206,2024-01-13,C027,Business,P04,Water Bottle,Outdoor,West,2,56,24
O00207,2025-02-22,C075,Business,P01,Desk Lamp,Home,West,8,384,216
O00208,2024-10-19,C012,Business,P03,Wireless Speaker,Electronics,North,2,250,154
O00209,2025-10-14,C032,Consumer,P02,Travel Pack,Travel,North,1,92,51
O00210,2025-12-02,C043,Consumer,P01,Desk Lamp,Home,West,2,96,54
O00211,2024-12-01,C018,Business,P02,Travel Pack,Travel,East,5,460,255
O00212,2024-08-23,C049,Consumer,P02,Travel Pack,Travel,South,5,460,255
O00213,2024-10-16,C062,Consumer,P04,Water Bottle,Outdoor,East,7,196,84
O00214,2025-10-28,C033,Business,P03,Wireless Speaker,Electronics,South,5,625,385
O00215,2025-09-11,C049,Consumer,P02,Travel Pack,Travel,South,6,552,306
O00216,2025-07-31,C064,Consumer,P04,Water Bottle,Outdoor,North,5,140,60
O00217,2024-01-22,C050,Consumer,P01,Desk Lamp,Home,East,8,384,216
O00218,2024-03-30,C033,Business,P01,Desk Lamp,Home,South,1,48,27
O00219,2025-11-16,C007,Consumer,P01,Desk Lamp,Home,West,1,48,27
O00220,2024-01-22,C017,Consumer,P02,Travel Pack,Travel,South,4,368,204
O00221,2025-06-28,C068,Consumer,P01,Desk Lamp,Home,North,5,240,135
O00222,2025-10-02,C016,Consumer,P04,Water Bottle,Outdoor,North,7,196,84
O00223,2024-07-29,C047,Consumer,P04,Water Bottle,Outdoor,West,2,56,24
O00224,2024-12-13,C023,Consumer,P01,Desk Lamp,Home,West,5,240,135
O00225,2024-10-18,C060,Business,P03,Wireless Speaker,Electronics,North,1,125,77
O00226,2025-12-10,C038,Consumer,P02,Travel Pack,Travel,East,7,644,357
O00227,2025-05-01,C007,Consumer,P01,Desk Lamp,Home,West,6,288,162
O00228,2025-10-01,C047,Consumer,P03,Wireless Speaker,Electronics,West,2,250,154
O00229,2024-10-22,C052,Consumer,P01,Desk Lamp,Home,North,7,336,189
O00230,2025-12-05,C005,Consumer,P02,Travel Pack,Travel,South,1,92,51
O00231,2024-04-28,C046,Consumer,P04,Water Bottle,Outdoor,East,3,84,36
O00232,2024-02-14,C039,Business,P03,Wireless Speaker,Electronics,West,6,750,462
O00233,2025-02-02,C054,Business,P01,Desk Lamp,Home,East,1,48,27
O00234,2025-06-30,C011,Consumer,P02,Travel Pack,Travel,West,5,460,255
O00235,2024-02-12,C014,Consumer,P02,Travel Pack,Travel,East,5,460,255
O00236,2025-07-23,C068,Consumer,P03,Wireless Speaker,Electronics,North,3,375,231
O00237,2025-05-29,C007,Consumer,P01,Desk Lamp,Home,West,3,144,81
O00238,2024-03-20,C080,Consumer,P01,Desk Lamp,Home,North,6,288,162
O00239,2024-06-16,C039,Business,P01,Desk Lamp,Home,West,6,288,162
O00240,2024-04-22,C079,Consumer,P02,Travel Pack,Travel,West,7,644,357
O00241,2025-09-18,C070,Consumer,P02,Travel Pack,Travel,East,6,552,306
O00242,2025-03-05,C032,Consumer,P02,Travel Pack,Travel,North,1,92,51
O00243,2025-12-07,C019,Consumer,P01,Desk Lamp,Home,West,2,96,54
O00244,2025-11-15,C056,Consumer,P04,Water Bottle,Outdoor,North,7,196,84
O00245,2025-07-10,C064,Consumer,P02,Travel Pack,Travel,North,7,644,357
O00246,2024-02-13,C050,Consumer,P04,Water Bottle,Outdoor,East,4,112,48
O00247,2025-07-10,C079,Consumer,P02,Travel Pack,Travel,West,1,92,51
O00248,2024-07-04,C055,Consumer,P02,Travel Pack,Travel,West,8,736,408
O00249,2025-01-18,C059,Consumer,P04,Water Bottle,Outdoor,West,5,140,60
O00250,2024-06-13,C021,Business,P01,Desk Lamp,Home,South,3,144,81
O00251,2025-05-15,C035,Consumer,P04,Water Bottle,Outdoor,West,4,112,48
O00252,2025-08-05,C049,Consumer,P04,Water Bottle,Outdoor,South,2,56,24
O00253,2024-09-17,C012,Business,P04,Water Bottle,Outdoor,North,5,140,60
O00254,2025-06-10,C042,Business,P03,Wireless Speaker,Electronics,East,4,500,308
O00255,2024-04-20,C039,Business,P04,Water Bottle,Outdoor,West,1,28,12
O00256,2024-12-05,C015,Business,P04,Water Bottle,Outdoor,West,7,196,84
O00257,2025-12-19,C077,Consumer,P02,Travel Pack,Travel,South,4,368,204
O00258,2025-01-02,C038,Consumer,P03,Wireless Speaker,Electronics,East,5,625,385
O00259,2024-01-25,C035,Consumer,P02,Travel Pack,Travel,West,5,460,255
O00260,2024-11-01,C011,Consumer,P04,Water Bottle,Outdoor,West,5,140,60
O00261,2024-07-28,C043,Consumer,P04,Water Bottle,Outdoor,West,7,196,84
O00262,2025-10-20,C019,Consumer,P02,Travel Pack,Travel,West,5,460,255
O00263,2024-06-02,C062,Consumer,P04,Water Bottle,Outdoor,East,3,84,36
O00264,2024-02-17,C039,Business,P03,Wireless Speaker,Electronics,West,7,875,539
O00265,2024-01-29,C014,Consumer,P02,Travel Pack,Travel,East,3,276,153
O00266,2024-03-16,C019,Consumer,P04,Water Bottle,Outdoor,West,1,28,12
O00267,2024-07-19,C052,Consumer,P03,Wireless Speaker,Electronics,North,8,1000,616
O00268,2024-08-06,C059,Consumer,P02,Travel Pack,Travel,West,5,460,255
O00269,2024-11-30,C077,Consumer,P02,Travel Pack,Travel,South,1,92,51
O00270,2025-11-26,C022,Consumer,P03,Wireless Speaker,Electronics,East,1,125,77
O00271,2025-01-20,C053,Consumer,P03,Wireless Speaker,Electronics,South,3,375,231
O00272,2024-09-29,C040,Consumer,P04,Water Bottle,Outdoor,North,2,56,24
O00273,2024-08-21,C012,Business,P01,Desk Lamp,Home,North,4,192,108
O00274,2025-03-20,C007,Consumer,P01,Desk Lamp,Home,West,2,96,54
O00275,2025-06-10,C057,Business,P01,Desk Lamp,Home,South,8,384,216
O00276,2025-08-31,C008,Consumer,P02,Travel Pack,Travel,North,3,276,153
O00277,2024-03-22,C080,Consumer,P02,Travel Pack,Travel,North,2,184,102
O00278,2025-08-19,C001,Consumer,P03,Wireless Speaker,Electronics,South,2,250,154
O00279,2024-12-24,C022,Consumer,P02,Travel Pack,Travel,East,4,368,204
O00280,2024-04-03,C078,Business,P03,Wireless Speaker,Electronics,East,4,500,308
O00281,2024-04-28,C027,Business,P01,Desk Lamp,Home,West,2,96,54
O00282,2025-10-04,C014,Consumer,P02,Travel Pack,Travel,East,7,644,357
O00283,2024-11-08,C061,Consumer,P02,Travel Pack,Travel,South,4,368,204
O00284,2025-04-17,C064,Consumer,P03,Wireless Speaker,Electronics,North,1,125,77
O00285,2025-06-01,C032,Consumer,P03,Wireless Speaker,Electronics,North,5,625,385
O00286,2025-09-14,C069,Business,P04,Water Bottle,Outdoor,South,2,56,24
O00287,2025-02-01,C057,Business,P04,Water Bottle,Outdoor,South,6,168,72
O00288,2024-09-25,C059,Consumer,P01,Desk Lamp,Home,West,7,336,189
O00289,2025-07-01,C042,Business,P03,Wireless Speaker,Electronics,East,3,375,231
O00290,2024-09-28,C023,Consumer,P01,Desk Lamp,Home,West,8,384,216
O00291,2024-02-18,C039,Business,P01,Desk Lamp,Home,West,1,48,27
O00292,2025-10-08,C053,Consumer,P03,Wireless Speaker,Electronics,South,8,1000,616
O00293,2024-11-15,C008,Consumer,P02,Travel Pack,Travel,North,8,736,408
O00294,2024-05-20,C065,Consumer,P04,Water Bottle,Outdoor,South,5,140,60
O00295,2024-12-12,C035,Consumer,P01,Desk Lamp,Home,West,5,240,135
O00296,2025-11-22,C058,Consumer,P04,Water Bottle,Outdoor,East,5,140,60
O00297,2025-07-01,C066,Business,P01,Desk Lamp,Home,East,4,192,108
O00298,2024-07-29,C063,Business,P03,Wireless Speaker,Electronics,West,6,750,462
O00299,2024-05-07,C058,Consumer,P03,Wireless Speaker,Electronics,East,2,250,154
O00300,2025-08-09,C001,Consumer,P03,Wireless Speaker,Electronics,South,2,250,154
O00301,2025-02-07,C054,Business,P02,Travel Pack,Travel,East,8,736,408
O00302,2025-06-25,C018,Business,P02,Travel Pack,Travel,East,8,736,408
O00303,2024-01-25,C067,Consumer,P03,Wireless Speaker,Electronics,West,1,125,77
O00304,2024-07-24,C004,Consumer,P03,Wireless Speaker,Electronics,North,7,875,539
O00305,2024-07-18,C036,Business,P02,Travel Pack,Travel,North,6,552,306
O00306,2024-01-06,C077,Consumer,P04,Water Bottle,Outdoor,South,7,196,84
O00307,2024-09-04,C030,Business,P04,Water Bottle,Outdoor,East,8,224,96
O00308,2025-06-10,C058,Consumer,P01,Desk Lamp,Home,East,5,240,135
O00309,2024-02-25,C038,Consumer,P02,Travel Pack,Travel,East,5,460,255
O00310,2024-02-12,C043,Consumer,P01,Desk Lamp,Home,West,8,384,216
O00311,2024-08-28,C050,Consumer,P03,Wireless Speaker,Electronics,East,3,375,231
O00312,2025-10-31,C023,Consumer,P02,Travel Pack,Travel,West,6,552,306
O00313,2025-03-25,C078,Business,P03,Wireless Speaker,Electronics,East,8,1000,616
O00314,2025-10-25,C064,Consumer,P02,Travel Pack,Travel,North,8,736,408
O00315,2025-04-15,C046,Consumer,P02,Travel Pack,Travel,East,4,368,204
O00316,2024-12-24,C039,Business,P01,Desk Lamp,Home,West,2,96,54
O00317,2024-03-09,C060,Business,P04,Water Bottle,Outdoor,North,1,28,12
O00318,2025-02-17,C064,Consumer,P02,Travel Pack,Travel,North,8,736,408
O00319,2025-09-01,C080,Consumer,P04,Water Bottle,Outdoor,North,1,28,12
O00320,2024-07-08,C079,Consumer,P01,Desk Lamp,Home,West,6,288,162
O00321,2025-11-29,C052,Consumer,P02,Travel Pack,Travel,North,7,644,357
O00322,2024-11-07,C050,Consumer,P02,Travel Pack,Travel,East,6,552,306
O00323,2024-09-20,C005,Consumer,P03,Wireless Speaker,Electronics,South,6,750,462
O00324,2025-06-07,C027,Business,P03,Wireless Speaker,Electronics,West,5,625,385
O00325,2024-07-17,C041,Consumer,P01,Desk Lamp,Home,South,1,48,27
O00326,2025-10-17,C072,Business,P03,Wireless Speaker,Electronics,North,4,500,308
O00327,2025-09-22,C028,Consumer,P01,Desk Lamp,Home,North,6,288,162
O00328,2024-08-04,C016,Consumer,P01,Desk Lamp,Home,North,8,384,216
O00329,2024-06-27,C062,Consumer,P02,Travel Pack,Travel,East,6,552,306
O00330,2025-08-16,C076,Consumer,P03,Wireless Speaker,Electronics,North,3,375,231
O00331,2025-01-16,C068,Consumer,P03,Wireless Speaker,Electronics,North,5,625,385
O00332,2025-06-04,C028,Consumer,P04,Water Bottle,Outdoor,North,1,28,12
O00333,2025-10-13,C068,Consumer,P01,Desk Lamp,Home,North,5,240,135
O00334,2025-02-22,C080,Consumer,P03,Wireless Speaker,Electronics,North,7,875,539
O00335,2025-08-22,C009,Business,P04,Water Bottle,Outdoor,South,7,196,84
O00336,2025-10-27,C063,Business,P02,Travel Pack,Travel,West,8,736,408
O00337,2025-05-04,C005,Consumer,P04,Water Bottle,Outdoor,South,1,28,12
O00338,2024-08-17,C025,Consumer,P04,Water Bottle,Outdoor,South,6,168,72
O00339,2024-02-22,C016,Consumer,P03,Wireless Speaker,Electronics,North,1,125,77
O00340,2024-12-15,C036,Business,P03,Wireless Speaker,Electronics,North,1,125,77
O00341,2024-08-07,C009,Business,P02,Travel Pack,Travel,South,3,276,153
O00342,2024-10-16,C016,Consumer,P02,Travel Pack,Travel,North,4,368,204
O00343,2024-02-08,C037,Consumer,P01,Desk Lamp,Home,South,3,144,81
O00344,2024-08-15,C046,Consumer,P01,Desk Lamp,Home,East,8,384,216
O00345,2024-09-03,C048,Business,P01,Desk Lamp,Home,North,1,48,27
O00346,2025-12-28,C018,Business,P02,Travel Pack,Travel,East,6,552,306
O00347,2025-04-26,C012,Business,P02,Travel Pack,Travel,North,5,460,255
O00348,2024-06-11,C026,Consumer,P02,Travel Pack,Travel,East,7,644,357
O00349,2025-04-01,C034,Consumer,P01,Desk Lamp,Home,East,6,288,162
O00350,2025-06-18,C029,Consumer,P02,Travel Pack,Travel,South,1,92,51
O00351,2025-12-22,C049,Consumer,P02,Travel Pack,Travel,South,7,644,357
O00352,2024-11-26,C021,Business,P04,Water Bottle,Outdoor,South,8,224,96
O00353,2025-08-27,C004,Consumer,P01,Desk Lamp,Home,North,5,240,135
O00354,2025-05-23,C054,Business,P04,Water Bottle,Outdoor,East,6,168,72
O00355,2025-06-18,C056,Consumer,P01,Desk Lamp,Home,North,8,384,216
O00356,2024-04-14,C073,Consumer,P01,Desk Lamp,Home,South,5,240,135
O00357,2025-07-05,C014,Consumer,P03,Wireless Speaker,Electronics,East,3,375,231
O00358,2025-08-27,C022,Consumer,P03,Wireless Speaker,Electronics,East,5,625,385
O00359,2024-04-08,C038,Consumer,P02,Travel Pack,Travel,East,1,92,51
O00360,2024-09-02,C003,Business,P01,Desk Lamp,Home,West,4,192,108
O00361,2024-08-27,C056,Consumer,P02,Travel Pack,Travel,North,7,644,357
O00362,2024-07-12,C011,Consumer,P03,Wireless Speaker,Electronics,West,6,750,462
O00363,2025-03-09,C069,Business,P02,Travel Pack,Travel,South,1,92,51
O00364,2024-08-02,C070,Consumer,P04,Water Bottle,Outdoor,East,8,224,96
O00365,2025-10-02,C031,Consumer,P01,Desk Lamp,Home,West,4,192,108
O00366,2024-11-27,C071,Consumer,P04,Water Bottle,Outdoor,West,7,196,84
O00367,2024-11-26,C033,Business,P04,Water Bottle,Outdoor,South,3,84,36
O00368,2025-07-26,C011,Consumer,P03,Wireless Speaker,Electronics,West,1,125,77
O00369,2024-10-16,C014,Consumer,P02,Travel Pack,Travel,East,4,368,204
O00370,2024-03-31,C050,Consumer,P02,Travel Pack,Travel,East,8,736,408
O00371,2024-05-24,C005,Consumer,P01,Desk Lamp,Home,South,8,384,216
O00372,2025-10-16,C054,Business,P02,Travel Pack,Travel,East,3,276,153
O00373,2024-08-27,C005,Consumer,P02,Travel Pack,Travel,South,3,276,153
O00374,2024-10-18,C043,Consumer,P02,Travel Pack,Travel,West,2,184,102
O00375,2024-05-27,C005,Consumer,P03,Wireless Speaker,Electronics,South,5,625,385
O00376,2024-06-14,C030,Business,P03,Wireless Speaker,Electronics,East,8,1000,616
O00377,2024-06-12,C056,Consumer,P03,Wireless Speaker,Electronics,North,2,250,154
O00378,2024-08-14,C069,Business,P03,Wireless Speaker,Electronics,South,4,500,308
O00379,2025-12-05,C073,Consumer,P04,Water Bottle,Outdoor,South,2,56,24
O00380,2024-12-17,C053,Consumer,P04,Water Bottle,Outdoor,South,1,28,12
O00381,2025-10-18,C030,Business,P04,Water Bottle,Outdoor,East,2,56,24
O00382,2025-02-09,C051,Business,P01,Desk Lamp,Home,West,7,336,189
O00383,2025-07-25,C045,Business,P04,Water Bottle,Outdoor,South,5,140,60
O00384,2024-11-25,C054,Business,P02,Travel Pack,Travel,East,7,644,357
O00385,2025-10-22,C071,Consumer,P02,Travel Pack,Travel,West,2,184,102
O00386,2025-07-31,C028,Consumer,P03,Wireless Speaker,Electronics,North,8,1000,616
O00387,2025-02-21,C059,Consumer,P01,Desk Lamp,Home,West,6,288,162
O00388,2025-07-17,C075,Business,P02,Travel Pack,Travel,West,1,92,51
O00389,2024-06-30,C024,Business,P01,Desk Lamp,Home,North,8,384,216
O00390,2024-11-10,C003,Business,P03,Wireless Speaker,Electronics,West,1,125,77
O00391,2025-12-04,C070,Consumer,P03,Wireless Speaker,Electronics,East,2,250,154
O00392,2024-07-04,C006,Business,P02,Travel Pack,Travel,East,2,184,102
O00393,2024-12-02,C073,Consumer,P03,Wireless Speaker,Electronics,South,5,625,385
O00394,2024-12-04,C079,Consumer,P04,Water Bottle,Outdoor,West,2,56,24
O00395,2025-08-03,C020,Consumer,P03,Wireless Speaker,Electronics,North,7,875,539
O00396,2025-10-12,C074,Consumer,P03,Wireless Speaker,Electronics,East,4,500,308
O00397,2024-07-30,C040,Consumer,P02,Travel Pack,Travel,North,1,92,51
O00398,2025-06-21,C060,Business,P04,Water Bottle,Outdoor,North,3,84,36
O00399,2025-03-07,C011,Consumer,P04,Water Bottle,Outdoor,West,6,168,72
O00400,2024-01-18,C042,Business,P03,Wireless Speaker,Electronics,East,3,375,231
O00401,2024-06-25,C013,Consumer,P01,Desk Lamp,Home,South,5,240,135
O00402,2025-07-21,C059,Consumer,P04,Water Bottle,Outdoor,West,3,84,36
O00403,2024-04-03,C003,Business,P04,Water Bottle,Outdoor,West,6,168,72
O00404,2024-11-01,C052,Consumer,P01,Desk Lamp,Home,North,4,192,108
O00405,2025-12-06,C075,Business,P01,Desk Lamp,Home,West,4,192,108
O00406,2025-11-19,C044,Consumer,P03,Wireless Speaker,Electronics,North,6,750,462
O00407,2024-04-07,C037,Consumer,P03,Wireless Speaker,Electronics,South,6,750,462
O00408,2025-07-11,C075,Business,P02,Travel Pack,Travel,West,5,460,255
O00409,2024-05-14,C002,Consumer,P04,Water Bottle,Outdoor,East,7,196,84
O00410,2024-02-12,C015,Business,P03,Wireless Speaker,Electronics,West,7,875,539
O00411,2025-08-31,C058,Consumer,P01,Desk Lamp,Home,East,7,336,189
O00412,2025-03-07,C026,Consumer,P02,Travel Pack,Travel,East,3,276,153
O00413,2024-11-05,C072,Business,P01,Desk Lamp,Home,North,2,96,54
O00414,2025-04-18,C051,Business,P03,Wireless Speaker,Electronics,West,1,125,77
O00415,2024-08-07,C011,Consumer,P02,Travel Pack,Travel,West,4,368,204
O00416,2024-02-13,C060,Business,P02,Travel Pack,Travel,North,2,184,102
O00417,2025-04-06,C013,Consumer,P03,Wireless Speaker,Electronics,South,4,500,308
O00418,2024-09-12,C002,Consumer,P03,Wireless Speaker,Electronics,East,2,250,154
O00419,2025-08-29,C060,Business,P02,Travel Pack,Travel,North,7,644,357
O00420,2024-09-13,C016,Consumer,P01,Desk Lamp,Home,North,1,48,27
O00421,2024-10-18,C050,Consumer,P04,Water Bottle,Outdoor,East,4,112,48
O00422,2024-10-26,C066,Business,P03,Wireless Speaker,Electronics,East,2,250,154
O00423,2024-10-16,C015,Business,P03,Wireless Speaker,Electronics,West,8,1000,616
O00424,2024-02-06,C034,Consumer,P02,Travel Pack,Travel,East,5,460,255
O00425,2025-06-03,C042,Business,P02,Travel Pack,Travel,East,5,460,255
O00426,2025-01-04,C032,Consumer,P02,Travel Pack,Travel,North,3,276,153
O00427,2024-05-04,C031,Consumer,P03,Wireless Speaker,Electronics,West,6,750,462
O00428,2025-07-16,C043,Consumer,P01,Desk Lamp,Home,West,2,96,54
O00429,2024-08-02,C064,Consumer,P03,Wireless Speaker,Electronics,North,3,375,231
O00430,2025-08-04,C034,Consumer,P03,Wireless Speaker,Electronics,East,3,375,231
O00431,2024-01-16,C054,Business,P02,Travel Pack,Travel,East,4,368,204
O00432,2025-04-10,C066,Business,P02,Travel Pack,Travel,East,4,368,204
O00433,2025-04-29,C069,Business,P03,Wireless Speaker,Electronics,South,2,250,154
O00434,2024-01-24,C049,Consumer,P04,Water Bottle,Outdoor,South,8,224,96
O00435,2025-09-15,C019,Consumer,P02,Travel Pack,Travel,West,3,276,153
O00436,2025-02-25,C013,Consumer,P01,Desk Lamp,Home,South,4,192,108
O00437,2024-06-05,C054,Business,P01,Desk Lamp,Home,East,5,240,135
O00438,2025-01-22,C026,Consumer,P01,Desk Lamp,Home,East,1,48,27
O00439,2025-10-10,C021,Business,P03,Wireless Speaker,Electronics,South,4,500,308
O00440,2025-08-23,C029,Consumer,P01,Desk Lamp,Home,South,7,336,189
O00441,2024-05-20,C043,Consumer,P04,Water Bottle,Outdoor,West,5,140,60
O00442,2024-04-01,C058,Consumer,P03,Wireless Speaker,Electronics,East,7,875,539
O00443,2025-12-29,C062,Consumer,P02,Travel Pack,Travel,East,7,644,357
O00444,2024-08-06,C016,Consumer,P04,Water Bottle,Outdoor,North,3,84,36
O00445,2025-06-04,C024,Business,P02,Travel Pack,Travel,North,6,552,306
O00446,2025-04-11,C056,Consumer,P03,Wireless Speaker,Electronics,North,4,500,308
O00447,2024-06-19,C053,Consumer,P02,Travel Pack,Travel,South,4,368,204
O00448,2024-06-16,C037,Consumer,P04,Water Bottle,Outdoor,South,4,112,48
O00449,2024-11-28,C011,Consumer,P01,Desk Lamp,Home,West,6,288,162
O00450,2025-11-24,C069,Business,P01,Desk Lamp,Home,South,8,384,216
O00451,2024-06-10,C036,Business,P01,Desk Lamp,Home,North,5,240,135
O00452,2025-02-20,C042,Business,P03,Wireless Speaker,Electronics,East,8,1000,616
O00453,2025-07-19,C019,Consumer,P03,Wireless Speaker,Electronics,West,2,250,154
O00454,2024-05-13,C066,Business,P03,Wireless Speaker,Electronics,East,7,875,539
O00455,2025-01-27,C044,Consumer,P03,Wireless Speaker,Electronics,North,1,125,77
O00456,2025-01-27,C080,Consumer,P02,Travel Pack,Travel,North,3,276,153
O00457,2025-01-25,C046,Consumer,P01,Desk Lamp,Home,East,3,144,81
O00458,2025-05-04,C043,Consumer,P01,Desk Lamp,Home,West,3,144,81
O00459,2024-08-27,C042,Business,P03,Wireless Speaker,Electronics,East,7,875,539
O00460,2025-03-27,C012,Business,P04,Water Bottle,Outdoor,North,4,112,48
O00461,2024-01-05,C010,Consumer,P02,Travel Pack,Travel,East,6,552,306
O00462,2024-11-15,C020,Consumer,P02,Travel Pack,Travel,North,6,552,306
O00463,2025-04-12,C058,Consumer,P02,Travel Pack,Travel,East,4,368,204
O00464,2025-10-28,C032,Consumer,P03,Wireless Speaker,Electronics,North,4,500,308
O00465,2025-05-09,C015,Business,P02,Travel Pack,Travel,West,5,460,255
O00466,2024-06-29,C017,Consumer,P03,Wireless Speaker,Electronics,South,4,500,308
O00467,2025-07-10,C071,Consumer,P01,Desk Lamp,Home,West,8,384,216
O00468,2025-06-19,C046,Consumer,P02,Travel Pack,Travel,East,7,644,357
O00469,2024-07-13,C030,Business,P02,Travel Pack,Travel,East,8,736,408
O00470,2025-09-20,C014,Consumer,P03,Wireless Speaker,Electronics,East,8,1000,616
O00471,2024-10-06,C046,Consumer,P02,Travel Pack,Travel,East,4,368,204
O00472,2024-09-11,C040,Consumer,P04,Water Bottle,Outdoor,North,7,196,84
O00473,2025-09-21,C001,Consumer,P02,Travel Pack,Travel,South,5,460,255
O00474,2025-11-16,C013,Consumer,P01,Desk Lamp,Home,South,8,384,216
O00475,2024-01-30,C059,Consumer,P02,Travel Pack,Travel,West,5,460,255
O00476,2025-12-07,C073,Consumer,P04,Water Bottle,Outdoor,South,1,28,12
O00477,2025-05-03,C001,Consumer,P04,Water Bottle,Outdoor,South,1,28,12
O00478,2025-07-13,C028,Consumer,P01,Desk Lamp,Home,North,1,48,27
O00479,2024-05-23,C025,Consumer,P04,Water Bottle,Outdoor,South,5,140,60
O00480,2025-11-08,C055,Consumer,P03,Wireless Speaker,Electronics,West,5,625,385
O00481,2025-06-03,C072,Business,P03,Wireless Speaker,Electronics,North,8,1000,616
O00482,2025-09-12,C058,Consumer,P03,Wireless Speaker,Electronics,East,6,750,462
O00483,2024-09-08,C053,Consumer,P01,Desk Lamp,Home,South,8,384,216
O00484,2025-08-02,C014,Consumer,P01,Desk Lamp,Home,East,2,96,54
O00485,2024-01-04,C046,Consumer,P01,Desk Lamp,Home,East,2,96,54
O00486,2024-03-03,C010,Consumer,P01,Desk Lamp,Home,East,8,384,216
O00487,2025-05-25,C080,Consumer,P02,Travel Pack,Travel,North,4,368,204
O00488,2024-02-19,C005,Consumer,P02,Travel Pack,Travel,South,8,736,408
O00489,2025-06-21,C075,Business,P04,Water Bottle,Outdoor,West,1,28,12
O00490,2024-02-26,C032,Consumer,P03,Wireless Speaker,Electronics,North,1,125,77
O00491,2024-12-25,C063,Business,P01,Desk Lamp,Home,West,1,48,27
O00492,2024-12-09,C017,Consumer,P01,Desk Lamp,Home,South,7,336,189
O00493,2024-10-07,C075,Business,P03,Wireless Speaker,Electronics,West,1,125,77
O00494,2025-08-26,C069,Business,P03,Wireless Speaker,Electronics,South,4,500,308
O00495,2024-12-27,C059,Consumer,P02,Travel Pack,Travel,West,4,368,204
O00496,2024-03-05,C071,Consumer,P03,Wireless Speaker,Electronics,West,2,250,154
O00497,2024-07-24,C078,Business,P04,Water Bottle,Outdoor,East,4,112,48
O00498,2024-05-20,C061,Consumer,P01,Desk Lamp,Home,South,8,384,216
O00499,2025-07-06,C023,Consumer,P01,Desk Lamp,Home,West,1,48,27
O00500,2024-09-05,C034,Consumer,P02,Travel Pack,Travel,East,7,644,357
O00501,2025-12-01,C009,Business,P04,Water Bottle,Outdoor,South,8,224,96
O00502,2025-05-06,C041,Consumer,P02,Travel Pack,Travel,South,1,92,51
O00503,2024-05-04,C038,Consumer,P04,Water Bottle,Outdoor,East,4,112,48
O00504,2025-08-31,C022,Consumer,P03,Wireless Speaker,Electronics,East,1,125,77
O00505,2024-04-20,C042,Business,P03,Wireless Speaker,Electronics,East,7,875,539
O00506,2025-06-05,C079,Consumer,P03,Wireless Speaker,Electronics,West,8,1000,616
O00507,2024-09-06,C079,Consumer,P03,Wireless Speaker,Electronics,West,7,875,539
O00508,2024-04-19,C035,Consumer,P01,Desk Lamp,Home,West,8,384,216
O00509,2025-11-02,C029,Consumer,P04,Water Bottle,Outdoor,South,1,28,12
O00510,2025-04-29,C025,Consumer,P02,Travel Pack,Travel,South,2,184,102
O00511,2025-06-21,C047,Consumer,P02,Travel Pack,Travel,West,8,736,408
O00512,2024-05-03,C080,Consumer,P04,Water Bottle,Outdoor,North,2,56,24
O00513,2025-12-18,C009,Business,P02,Travel Pack,Travel,South,7,644,357
O00514,2024-07-31,C074,Consumer,P02,Travel Pack,Travel,East,5,460,255
O00515,2025-01-20,C057,Business,P02,Travel Pack,Travel,South,4,368,204
O00516,2024-03-24,C022,Consumer,P02,Travel Pack,Travel,East,1,92,51
O00517,2024-09-29,C030,Business,P01,Desk Lamp,Home,East,5,240,135
O00518,2025-01-09,C046,Consumer,P02,Travel Pack,Travel,East,3,276,153
O00519,2024-02-23,C037,Consumer,P03,Wireless Speaker,Electronics,South,6,750,462
O00520,2025-06-18,C014,Consumer,P01,Desk Lamp,Home,East,3,144,81
O00521,2025-10-02,C017,Consumer,P01,Desk Lamp,Home,South,8,384,216
O00522,2025-07-08,C054,Business,P02,Travel Pack,Travel,East,4,368,204
O00523,2024-12-15,C027,Business,P04,Water Bottle,Outdoor,West,1,28,12
O00524,2024-01-02,C071,Consumer,P04,Water Bottle,Outdoor,West,3,84,36
O00525,2024-11-26,C002,Consumer,P03,Wireless Speaker,Electronics,East,1,125,77
O00526,2025-10-19,C057,Business,P03,Wireless Speaker,Electronics,South,2,250,154
O00527,2025-10-28,C005,Consumer,P02,Travel Pack,Travel,South,5,460,255
O00528,2025-07-06,C075,Business,P03,Wireless Speaker,Electronics,West,1,125,77
O00529,2024-06-10,C068,Consumer,P02,Travel Pack,Travel,North,2,184,102
O00530,2025-07-16,C039,Business,P02,Travel Pack,Travel,West,5,460,255
O00531,2025-06-07,C052,Consumer,P03,Wireless Speaker,Electronics,North,7,875,539
O00532,2024-11-14,C014,Consumer,P01,Desk Lamp,Home,East,2,96,54
O00533,2024-04-12,C012,Business,P01,Desk Lamp,Home,North,4,192,108
O00534,2025-02-27,C006,Business,P04,Water Bottle,Outdoor,East,2,56,24
O00535,2024-09-07,C064,Consumer,P03,Wireless Speaker,Electronics,North,2,250,154
O00536,2024-05-08,C031,Consumer,P02,Travel Pack,Travel,West,7,644,357
O00537,2025-08-12,C052,Consumer,P02,Travel Pack,Travel,North,8,736,408
O00538,2024-08-23,C080,Consumer,P01,Desk Lamp,Home,North,7,336,189
O00539,2025-08-18,C020,Consumer,P01,Desk Lamp,Home,North,7,336,189
O00540,2024-01-21,C008,Consumer,P02,Travel Pack,Travel,North,3,276,153
O00541,2025-04-19,C002,Consumer,P01,Desk Lamp,Home,East,7,336,189
O00542,2025-04-14,C007,Consumer,P03,Wireless Speaker,Electronics,West,8,1000,616
O00543,2025-02-08,C056,Consumer,P04,Water Bottle,Outdoor,North,7,196,84
O00544,2025-11-28,C023,Consumer,P01,Desk Lamp,Home,West,2,96,54
O00545,2024-06-05,C028,Consumer,P03,Wireless Speaker,Electronics,North,4,500,308
O00546,2025-04-26,C009,Business,P01,Desk Lamp,Home,South,1,48,27
O00547,2025-04-17,C044,Consumer,P01,Desk Lamp,Home,North,4,192,108
O00548,2025-12-03,C005,Consumer,P02,Travel Pack,Travel,South,4,368,204
O00549,2025-11-06,C045,Business,P01,Desk Lamp,Home,South,1,48,27
O00550,2025-12-27,C047,Consumer,P01,Desk Lamp,Home,West,1,48,27
O00551,2024-08-02,C053,Consumer,P03,Wireless Speaker,Electronics,South,2,250,154
O00552,2024-03-01,C074,Consumer,P04,Water Bottle,Outdoor,East,3,84,36
O00553,2025-04-14,C065,Consumer,P02,Travel Pack,Travel,South,3,276,153
O00554,2025-05-30,C055,Consumer,P02,Travel Pack,Travel,West,7,644,357
O00555,2025-06-07,C063,Business,P02,Travel Pack,Travel,West,8,736,408
O00556,2025-10-04,C077,Consumer,P01,Desk Lamp,Home,South,1,48,27
O00557,2025-07-29,C001,Consumer,P02,Travel Pack,Travel,South,7,644,357
O00558,2025-07-13,C040,Consumer,P04,Water Bottle,Outdoor,North,2,56,24
O00559,2025-08-14,C037,Consumer,P04,Water Bottle,Outdoor,South,4,112,48
O00560,2025-06-18,C044,Consumer,P04,Water Bottle,Outdoor,North,8,224,96
O00561,2025-06-08,C055,Consumer,P01,Desk Lamp,Home,West,6,288,162
O00562,2025-10-19,C010,Consumer,P04,Water Bottle,Outdoor,East,6,168,72
O00563,2025-10-14,C023,Consumer,P01,Desk Lamp,Home,West,1,48,27
O00564,2024-11-21,C010,Consumer,P02,Travel Pack,Travel,East,5,460,255
O00565,2025-02-18,C063,Business,P03,Wireless Speaker,Electronics,West,3,375,231
O00566,2025-06-07,C075,Business,P01,Desk Lamp,Home,West,8,384,216
O00567,2025-06-09,C054,Business,P03,Wireless Speaker,Electronics,East,8,1000,616
O00568,2025-08-04,C072,Business,P01,Desk Lamp,Home,North,7,336,189
O00569,2024-10-24,C012,Business,P03,Wireless Speaker,Electronics,North,2,250,154
O00570,2024-09-26,C062,Consumer,P03,Wireless Speaker,Electronics,East,4,500,308
O00571,2025-02-12,C049,Consumer,P03,Wireless Speaker,Electronics,South,8,1000,616
O00572,2024-08-22,C062,Consumer,P03,Wireless Speaker,Electronics,East,7,875,539
O00573,2024-06-15,C059,Consumer,P02,Travel Pack,Travel,West,8,736,408
O00574,2025-11-13,C030,Business,P03,Wireless Speaker,Electronics,East,4,500,308
O00575,2025-06-25,C037,Consumer,P04,Water Bottle,Outdoor,South,6,168,72
O00576,2024-06-28,C073,Consumer,P02,Travel Pack,Travel,South,8,736,408
O00577,2025-03-15,C050,Consumer,P04,Water Bottle,Outdoor,East,5,140,60
O00578,2025-07-03,C062,Consumer,P01,Desk Lamp,Home,East,2,96,54
O00579,2025-01-23,C013,Consumer,P02,Travel Pack,Travel,South,8,736,408
O00580,2025-02-05,C008,Consumer,P03,Wireless Speaker,Electronics,North,7,875,539
O00581,2024-12-06,C007,Consumer,P04,Water Bottle,Outdoor,West,2,56,24
O00582,2025-11-16,C043,Consumer,P02,Travel Pack,Travel,West,7,644,357
O00583,2025-09-28,C039,Business,P02,Travel Pack,Travel,West,1,92,51
O00584,2024-02-28,C055,Consumer,P02,Travel Pack,Travel,West,5,460,255
O00585,2024-06-07,C067,Consumer,P02,Travel Pack,Travel,West,3,276,153
O00586,2024-11-13,C049,Consumer,P03,Wireless Speaker,Electronics,South,7,875,539
O00587,2024-02-10,C027,Business,P02,Travel Pack,Travel,West,2,184,102
O00588,2024-05-10,C073,Consumer,P02,Travel Pack,Travel,South,6,552,306
O00589,2025-12-03,C064,Consumer,P03,Wireless Speaker,Electronics,North,3,375,231
O00590,2025-02-20,C029,Consumer,P03,Wireless Speaker,Electronics,South,8,1000,616
O00591,2024-06-14,C035,Consumer,P03,Wireless Speaker,Electronics,West,2,250,154
O00592,2024-12-10,C035,Consumer,P04,Water Bottle,Outdoor,West,6,168,72
O00593,2025-01-06,C078,Business,P02,Travel Pack,Travel,East,2,184,102
O00594,2024-12-22,C021,Business,P04,Water Bottle,Outdoor,South,2,56,24
O00595,2025-01-11,C001,Consumer,P02,Travel Pack,Travel,South,7,644,357
O00596,2025-01-23,C058,Consumer,P01,Desk Lamp,Home,East,5,240,135
O00597,2024-10-04,C053,Consumer,P04,Water Bottle,Outdoor,South,8,224,96
O00598,2024-04-03,C049,Consumer,P04,Water Bottle,Outdoor,South,5,140,60
O00599,2024-03-03,C014,Consumer,P03,Wireless Speaker,Electronics,East,4,500,308
O00600,2025-07-29,C062,Consumer,P03,Wireless Speaker,Electronics,East,3,375,231
O00601,2025-12-17,C021,Business,P02,Travel Pack,Travel,South,7,644,357
O00602,2024-09-29,C004,Consumer,P03,Wireless Speaker,Electronics,North,8,1000,616
O00603,2025-02-03,C026,Consumer,P02,Travel Pack,Travel,East,7,644,357
O00604,2025-04-15,C067,Consumer,P03,Wireless Speaker,Electronics,West,1,125,77
O00605,2024-07-04,C022,Consumer,P03,Wireless Speaker,Electronics,East,2,250,154
O00606,2024-05-04,C077,Consumer,P04,Water Bottle,Outdoor,South,8,224,96
O00607,2024-05-31,C052,Consumer,P03,Wireless Speaker,Electronics,North,7,875,539
O00608,2024-10-18,C066,Business,P04,Water Bottle,Outdoor,East,6,168,72
O00609,2024-02-05,C059,Consumer,P02,Travel Pack,Travel,West,4,368,204
O00610,2024-09-14,C080,Consumer,P01,Desk Lamp,Home,North,6,288,162
O00611,2024-11-29,C061,Consumer,P02,Travel Pack,Travel,South,3,276,153
O00612,2024-04-21,C052,Consumer,P02,Travel Pack,Travel,North,2,184,102
O00613,2024-06-08,C052,Consumer,P02,Travel Pack,Travel,North,1,92,51
O00614,2025-10-14,C051,Business,P02,Travel Pack,Travel,West,3,276,153
O00615,2024-01-15,C046,Consumer,P02,Travel Pack,Travel,East,6,552,306
O00616,2024-07-10,C044,Consumer,P04,Water Bottle,Outdoor,North,1,28,12
O00617,2025-11-25,C061,Consumer,P02,Travel Pack,Travel,South,8,736,408
O00618,2024-07-15,C062,Consumer,P02,Travel Pack,Travel,East,8,736,408
O00619,2024-06-07,C080,Consumer,P03,Wireless Speaker,Electronics,North,3,375,231
O00620,2024-10-30,C031,Consumer,P04,Water Bottle,Outdoor,West,7,196,84
O00621,2024-03-26,C069,Business,P04,Water Bottle,Outdoor,South,8,224,96
O00622,2025-06-30,C014,Consumer,P01,Desk Lamp,Home,East,2,96,54
O00623,2024-02-04,C022,Consumer,P02,Travel Pack,Travel,East,5,460,255
O00624,2025-02-25,C068,Consumer,P04,Water Bottle,Outdoor,North,6,168,72
O00625,2024-01-22,C021,Business,P02,Travel Pack,Travel,South,5,460,255
O00626,2025-10-05,C076,Consumer,P04,Water Bottle,Outdoor,North,8,224,96
O00627,2025-07-03,C074,Consumer,P03,Wireless Speaker,Electronics,East,6,750,462
O00628,2025-11-23,C008,Consumer,P03,Wireless Speaker,Electronics,North,8,1000,616
O00629,2025-12-28,C029,Consumer,P03,Wireless Speaker,Electronics,South,5,625,385
O00630,2024-02-07,C003,Business,P04,Water Bottle,Outdoor,West,1,28,12
O00631,2024-10-12,C067,Consumer,P01,Desk Lamp,Home,West,5,240,135
O00632,2025-03-21,C046,Consumer,P04,Water Bottle,Outdoor,East,3,84,36
O00633,2024-10-18,C070,Consumer,P01,Desk Lamp,Home,East,8,384,216
O00634,2025-08-10,C007,Consumer,P03,Wireless Speaker,Electronics,West,8,1000,616
O00635,2024-11-22,C073,Consumer,P02,Travel Pack,Travel,South,3,276,153
O00636,2024-07-04,C031,Consumer,P02,Travel Pack,Travel,West,7,644,357
O00637,2024-12-27,C046,Consumer,P04,Water Bottle,Outdoor,East,8,224,96
O00638,2025-08-18,C069,Business,P01,Desk Lamp,Home,South,3,144,81
O00639,2024-02-02,C076,Consumer,P01,Desk Lamp,Home,North,8,384,216
O00640,2025-05-12,C041,Consumer,P03,Wireless Speaker,Electronics,South,1,125,77
O00641,2025-04-15,C061,Consumer,P02,Travel Pack,Travel,South,3,276,153
O00642,2024-01-30,C024,Business,P01,Desk Lamp,Home,North,8,384,216
O00643,2024-01-28,C073,Consumer,P01,Desk Lamp,Home,South,2,96,54
O00644,2025-05-04,C003,Business,P02,Travel Pack,Travel,West,4,368,204
O00645,2024-04-18,C014,Consumer,P02,Travel Pack,Travel,East,5,460,255
O00646,2024-03-27,C078,Business,P03,Wireless Speaker,Electronics,East,1,125,77
O00647,2024-06-02,C045,Business,P03,Wireless Speaker,Electronics,South,4,500,308
O00648,2025-07-01,C059,Consumer,P03,Wireless Speaker,Electronics,West,3,375,231
O00649,2025-05-31,C075,Business,P03,Wireless Speaker,Electronics,West,1,125,77
O00650,2024-04-27,C049,Consumer,P01,Desk Lamp,Home,South,1,48,27
O00651,2025-06-13,C069,Business,P01,Desk Lamp,Home,South,1,48,27
O00652,2025-12-21,C045,Business,P01,Desk Lamp,Home,South,4,192,108
O00653,2025-04-25,C043,Consumer,P01,Desk Lamp,Home,West,4,192,108
O00654,2024-02-04,C072,Business,P01,Desk Lamp,Home,North,4,192,108
O00655,2024-05-29,C003,Business,P04,Water Bottle,Outdoor,West,3,84,36
O00656,2025-03-19,C006,Business,P04,Water Bottle,Outdoor,East,1,28,12
O00657,2024-01-19,C070,Consumer,P01,Desk Lamp,Home,East,2,96,54
O00658,2025-02-01,C002,Consumer,P01,Desk Lamp,Home,East,4,192,108
O00659,2024-11-20,C077,Consumer,P01,Desk Lamp,Home,South,7,336,189
O00660,2025-11-03,C033,Business,P02,Travel Pack,Travel,South,7,644,357
O00661,2025-06-24,C028,Consumer,P04,Water Bottle,Outdoor,North,5,140,60
O00662,2025-12-25,C080,Consumer,P03,Wireless Speaker,Electronics,North,2,250,154
O00663,2024-02-10,C080,Consumer,P04,Water Bottle,Outdoor,North,5,140,60
O00664,2025-05-21,C042,Business,P01,Desk Lamp,Home,East,1,48,27
O00665,2024-06-10,C003,Business,P04,Water Bottle,Outdoor,West,5,140,60
O00666,2025-02-21,C006,Business,P02,Travel Pack,Travel,East,2,184,102
O00667,2025-10-03,C006,Business,P03,Wireless Speaker,Electronics,East,1,125,77
O00668,2024-09-21,C054,Business,P03,Wireless Speaker,Electronics,East,8,1000,616
O00669,2024-05-23,C042,Business,P03,Wireless Speaker,Electronics,East,5,625,385
O00670,2025-03-20,C014,Consumer,P03,Wireless Speaker,Electronics,East,4,500,308
O00671,2025-05-11,C037,Consumer,P01,Desk Lamp,Home,South,8,384,216
O00672,2025-11-01,C075,Business,P03,Wireless Speaker,Electronics,West,2,250,154
O00673,2025-10-23,C079,Consumer,P04,Water Bottle,Outdoor,West,2,56,24
O00674,2025-04-02,C077,Consumer,P01,Desk Lamp,Home,South,4,192,108
O00675,2025-09-08,C071,Consumer,P02,Travel Pack,Travel,West,2,184,102
O00676,2025-11-21,C003,Business,P02,Travel Pack,Travel,West,3,276,153
O00677,2024-08-22,C071,Consumer,P01,Desk Lamp,Home,West,7,336,189
O00678,2025-05-29,C065,Consumer,P03,Wireless Speaker,Electronics,South,3,375,231
O00679,2024-04-20,C050,Consumer,P04,Water Bottle,Outdoor,East,7,196,84
O00680,2024-05-19,C032,Consumer,P04,Water Bottle,Outdoor,North,6,168,72
O00681,2024-08-09,C002,Consumer,P03,Wireless Speaker,Electronics,East,2,250,154
O00682,2025-10-23,C074,Consumer,P03,Wireless Speaker,Electronics,East,8,1000,616
O00683,2025-06-26,C047,Consumer,P01,Desk Lamp,Home,West,2,96,54
O00684,2024-03-12,C046,Consumer,P03,Wireless Speaker,Electronics,East,7,875,539
O00685,2024-10-25,C064,Consumer,P02,Travel Pack,Travel,North,7,644,357
O00686,2025-06-21,C030,Business,P04,Water Bottle,Outdoor,East,8,224,96
O00687,2024-07-24,C024,Business,P04,Water Bottle,Outdoor,North,8,224,96
O00688,2025-02-26,C051,Business,P02,Travel Pack,Travel,West,2,184,102
O00689,2024-01-08,C049,Consumer,P03,Wireless Speaker,Electronics,South,2,250,154
O00690,2024-07-19,C026,Consumer,P01,Desk Lamp,Home,East,8,384,216
O00691,2025-03-21,C045,Business,P01,Desk Lamp,Home,South,7,336,189
O00692,2024-09-01,C054,Business,P01,Desk Lamp,Home,East,5,240,135
O00693,2025-03-27,C030,Business,P02,Travel Pack,Travel,East,5,460,255
O00694,2024-06-02,C028,Consumer,P02,Travel Pack,Travel,North,5,460,255
O00695,2024-04-17,C037,Consumer,P01,Desk Lamp,Home,South,5,240,135
O00696,2025-11-02,C006,Business,P04,Water Bottle,Outdoor,East,8,224,96
O00697,2025-11-24,C013,Consumer,P03,Wireless Speaker,Electronics,South,8,1000,616
O00698,2024-08-21,C042,Business,P03,Wireless Speaker,Electronics,East,3,375,231
O00699,2025-05-15,C075,Business,P03,Wireless Speaker,Electronics,West,6,750,462
O00700,2025-01-11,C053,Consumer,P01,Desk Lamp,Home,South,3,144,81
O00701,2024-09-08,C066,Business,P03,Wireless Speaker,Electronics,East,6,750,462
O00702,2024-07-20,C026,Consumer,P01,Desk Lamp,Home,East,6,288,162
O00703,2024-05-09,C017,Consumer,P03,Wireless Speaker,Electronics,South,8,1000,616
O00704,2025-02-19,C020,Consumer,P01,Desk Lamp,Home,North,8,384,216
O00705,2025-03-14,C033,Business,P03,Wireless Speaker,Electronics,South,1,125,77
O00706,2025-12-23,C024,Business,P03,Wireless Speaker,Electronics,North,6,750,462
O00707,2024-07-26,C059,Consumer,P03,Wireless Speaker,Electronics,West,6,750,462
O00708,2025-12-05,C028,Consumer,P03,Wireless Speaker,Electronics,North,8,1000,616
O00709,2025-09-23,C005,Consumer,P03,Wireless Speaker,Electronics,South,4,500,308
O00710,2024-04-09,C066,Business,P03,Wireless Speaker,Electronics,East,3,375,231
O00711,2025-12-29,C027,Business,P03,Wireless Speaker,Electronics,West,8,1000,616
O00712,2025-01-16,C005,Consumer,P02,Travel Pack,Travel,South,1,92,51
O00713,2024-12-07,C055,Consumer,P03,Wireless Speaker,Electronics,West,4,500,308
O00714,2024-08-30,C060,Business,P03,Wireless Speaker,Electronics,North,2,250,154
O00715,2025-06-25,C043,Consumer,P04,Water Bottle,Outdoor,West,4,112,48
O00716,2024-03-16,C050,Consumer,P01,Desk Lamp,Home,East,5,240,135
O00717,2025-10-04,C080,Consumer,P01,Desk Lamp,Home,North,7,336,189
O00718,2024-05-26,C057,Business,P04,Water Bottle,Outdoor,South,2,56,24
O00719,2024-03-17,C011,Consumer,P03,Wireless Speaker,Electronics,West,6,750,462
O00720,2024-07-30,C003,Business,P03,Wireless Speaker,Electronics,West,7,875,539
O00721,2025-12-09,C039,Business,P03,Wireless Speaker,Electronics,West,5,625,385
O00722,2025-11-12,C076,Consumer,P01,Desk Lamp,Home,North,2,96,54
O00723,2024-09-25,C017,Consumer,P02,Travel Pack,Travel,South,5,460,255
O00724,2024-02-17,C059,Consumer,P02,Travel Pack,Travel,West,3,276,153
O00725,2024-10-16,C032,Consumer,P01,Desk Lamp,Home,North,3,144,81
O00726,2025-06-18,C004,Consumer,P01,Desk Lamp,Home,North,1,48,27
O00727,2024-01-08,C059,Consumer,P04,Water Bottle,Outdoor,West,2,56,24
O00728,2024-05-09,C061,Consumer,P03,Wireless Speaker,Electronics,South,6,750,462
O00729,2025-05-05,C033,Business,P04,Water Bottle,Outdoor,South,4,112,48
O00730,2024-07-19,C033,Business,P01,Desk Lamp,Home,South,3,144,81
O00731,2024-10-08,C030,Business,P01,Desk Lamp,Home,East,5,240,135
O00732,2025-11-08,C067,Consumer,P02,Travel Pack,Travel,West,4,368,204
O00733,2024-02-16,C074,Consumer,P02,Travel Pack,Travel,East,1,92,51
O00734,2025-08-28,C049,Consumer,P02,Travel Pack,Travel,South,4,368,204
O00735,2025-08-25,C073,Consumer,P02,Travel Pack,Travel,South,1,92,51
O00736,2024-07-03,C015,Business,P02,Travel Pack,Travel,West,5,460,255
O00737,2024-08-02,C009,Business,P03,Wireless Speaker,Electronics,South,4,500,308
O00738,2024-11-25,C020,Consumer,P01,Desk Lamp,Home,North,4,192,108
O00739,2025-11-30,C011,Consumer,P02,Travel Pack,Travel,West,1,92,51
O00740,2025-03-20,C028,Consumer,P01,Desk Lamp,Home,North,6,288,162
O00741,2025-09-30,C070,Consumer,P02,Travel Pack,Travel,East,4,368,204
O00742,2025-07-11,C033,Business,P02,Travel Pack,Travel,South,8,736,408
O00743,2024-03-01,C071,Consumer,P02,Travel Pack,Travel,West,4,368,204
O00744,2024-05-09,C073,Consumer,P02,Travel Pack,Travel,South,1,92,51
O00745,2024-03-27,C033,Business,P04,Water Bottle,Outdoor,South,3,84,36
O00746,2025-09-29,C067,Consumer,P04,Water Bottle,Outdoor,West,8,224,96
O00747,2025-06-03,C009,Business,P02,Travel Pack,Travel,South,5,460,255
O00748,2025-10-28,C046,Consumer,P02,Travel Pack,Travel,East,5,460,255
O00749,2025-10-20,C066,Business,P03,Wireless Speaker,Electronics,East,6,750,462
O00750,2025-12-20,C019,Consumer,P03,Wireless Speaker,Electronics,West,3,375,231
O00751,2025-02-14,C041,Consumer,P04,Water Bottle,Outdoor,South,3,84,36
O00752,2024-08-30,C008,Consumer,P01,Desk Lamp,Home,North,8,384,216
O00753,2025-12-17,C001,Consumer,P04,Water Bottle,Outdoor,South,3,84,36
O00754,2025-03-02,C071,Consumer,P03,Wireless Speaker,Electronics,West,2,250,154
O00755,2025-04-18,C023,Consumer,P03,Wireless Speaker,Electronics,West,3,375,231
O00756,2024-03-13,C004,Consumer,P01,Desk Lamp,Home,North,1,48,27
O00757,2024-02-21,C069,Business,P01,Desk Lamp,Home,South,6,288,162
O00758,2024-02-02,C006,Business,P04,Water Bottle,Outdoor,East,3,84,36
O00759,2025-10-26,C010,Consumer,P03,Wireless Speaker,Electronics,East,3,375,231
O00760,2024-09-16,C052,Consumer,P01,Desk Lamp,Home,North,8,384,216
O00761,2025-06-30,C063,Business,P01,Desk Lamp,Home,West,4,192,108
O00762,2025-05-14,C057,Business,P03,Wireless Speaker,Electronics,South,8,1000,616
O00763,2024-10-30,C066,Business,P04,Water Bottle,Outdoor,East,4,112,48
O00764,2025-06-28,C028,Consumer,P04,Water Bottle,Outdoor,North,4,112,48
O00765,2024-07-14,C020,Consumer,P01,Desk Lamp,Home,North,8,384,216
O00766,2024-07-25,C001,Consumer,P01,Desk Lamp,Home,South,1,48,27
O00767,2024-12-13,C070,Consumer,P03,Wireless Speaker,Electronics,East,7,875,539
O00768,2025-02-09,C002,Consumer,P03,Wireless Speaker,Electronics,East,5,625,385
O00769,2025-07-27,C031,Consumer,P04,Water Bottle,Outdoor,West,4,112,48
O00770,2025-02-01,C029,Consumer,P02,Travel Pack,Travel,South,6,552,306
O00771,2025-10-29,C041,Consumer,P01,Desk Lamp,Home,South,6,288,162
O00772,2024-04-20,C034,Consumer,P03,Wireless Speaker,Electronics,East,6,750,462
O00773,2025-11-01,C056,Consumer,P02,Travel Pack,Travel,North,3,276,153
O00774,2025-07-08,C056,Consumer,P04,Water Bottle,Outdoor,North,2,56,24
O00775,2024-09-25,C051,Business,P01,Desk Lamp,Home,West,2,96,54
O00776,2024-11-11,C049,Consumer,P04,Water Bottle,Outdoor,South,3,84,36
O00777,2025-11-24,C005,Consumer,P01,Desk Lamp,Home,South,8,384,216
O00778,2024-02-21,C044,Consumer,P01,Desk Lamp,Home,North,2,96,54
O00779,2024-05-10,C064,Consumer,P02,Travel Pack,Travel,North,8,736,408
O00780,2025-10-24,C035,Consumer,P01,Desk Lamp,Home,West,7,336,189
O00781,2025-09-10,C036,Business,P04,Water Bottle,Outdoor,North,6,168,72
O00782,2024-02-26,C070,Consumer,P03,Wireless Speaker,Electronics,East,8,1000,616
O00783,2024-11-06,C046,Consumer,P02,Travel Pack,Travel,East,2,184,102
O00784,2024-10-06,C033,Business,P02,Travel Pack,Travel,South,4,368,204
O00785,2025-02-20,C006,Business,P01,Desk Lamp,Home,East,8,384,216
O00786,2024-05-19,C040,Consumer,P01,Desk Lamp,Home,North,3,144,81
O00787,2025-03-14,C027,Business,P03,Wireless Speaker,Electronics,West,8,1000,616
O00788,2024-08-05,C065,Consumer,P04,Water Bottle,Outdoor,South,1,28,12
O00789,2024-11-02,C005,Consumer,P02,Travel Pack,Travel,South,6,552,306
O00790,2024-06-26,C022,Consumer,P03,Wireless Speaker,Electronics,East,2,250,154
O00791,2025-11-26,C033,Business,P03,Wireless Speaker,Electronics,South,5,625,385
O00792,2024-04-20,C067,Consumer,P04,Water Bottle,Outdoor,West,5,140,60
O00793,2025-04-02,C011,Consumer,P02,Travel Pack,Travel,West,8,736,408
O00794,2024-10-06,C063,Business,P03,Wireless Speaker,Electronics,West,2,250,154
O00795,2025-03-27,C051,Business,P04,Water Bottle,Outdoor,West,2,56,24
O00796,2025-08-22,C065,Consumer,P02,Travel Pack,Travel,South,2,184,102
O00797,2024-07-26,C056,Consumer,P01,Desk Lamp,Home,North,6,288,162
O00798,2025-12-19,C073,Consumer,P04,Water Bottle,Outdoor,South,3,84,36
O00799,2024-12-25,C046,Consumer,P01,Desk Lamp,Home,East,8,384,216
O00800,2024-12-27,C038,Consumer,P02,Travel Pack,Travel,East,6,552,306
O00801,2024-01-24,C074,Consumer,P01,Desk Lamp,Home,East,5,240,135
O00802,2025-10-09,C007,Consumer,P02,Travel Pack,Travel,West,5,460,255
O00803,2024-11-15,C023,Consumer,P03,Wireless Speaker,Electronics,West,3,375,231
O00804,2025-08-21,C055,Consumer,P02,Travel Pack,Travel,West,3,276,153
O00805,2025-06-07,C003,Business,P01,Desk Lamp,Home,West,2,96,54
O00806,2024-09-24,C076,Consumer,P01,Desk Lamp,Home,North,3,144,81
O00807,2025-07-11,C017,Consumer,P03,Wireless Speaker,Electronics,South,3,375,231
O00808,2025-01-12,C023,Consumer,P01,Desk Lamp,Home,West,4,192,108
O00809,2025-05-05,C054,Business,P01,Desk Lamp,Home,East,2,96,54
O00810,2024-12-23,C040,Consumer,P02,Travel Pack,Travel,North,7,644,357
O00811,2025-12-09,C047,Consumer,P04,Water Bottle,Outdoor,West,3,84,36
O00812,2025-06-06,C005,Consumer,P01,Desk Lamp,Home,South,3,144,81
O00813,2024-09-14,C005,Consumer,P02,Travel Pack,Travel,South,2,184,102
O00814,2025-04-03,C058,Consumer,P03,Wireless Speaker,Electronics,East,6,750,462
O00815,2024-03-01,C016,Consumer,P04,Water Bottle,Outdoor,North,6,168,72
O00816,2024-01-22,C046,Consumer,P03,Wireless Speaker,Electronics,East,8,1000,616
O00817,2024-04-26,C066,Business,P03,Wireless Speaker,Electronics,East,1,125,77
O00818,2025-03-01,C020,Consumer,P02,Travel Pack,Travel,North,7,644,357
O00819,2024-05-30,C053,Consumer,P04,Water Bottle,Outdoor,South,7,196,84
O00820,2024-06-02,C077,Consumer,P01,Desk Lamp,Home,South,4,192,108
O00821,2025-05-18,C030,Business,P04,Water Bottle,Outdoor,East,8,224,96
O00822,2024-08-18,C050,Consumer,P03,Wireless Speaker,Electronics,East,2,250,154
O00823,2024-09-29,C042,Business,P01,Desk Lamp,Home,East,8,384,216
O00824,2024-06-04,C007,Consumer,P04,Water Bottle,Outdoor,West,2,56,24
O00825,2024-11-01,C046,Consumer,P03,Wireless Speaker,Electronics,East,8,1000,616
O00826,2024-09-23,C059,Consumer,P03,Wireless Speaker,Electronics,West,8,1000,616
O00827,2025-01-17,C030,Business,P02,Travel Pack,Travel,East,8,736,408
O00828,2024-07-22,C005,Consumer,P02,Travel Pack,Travel,South,8,736,408
O00829,2024-12-13,C016,Consumer,P02,Travel Pack,Travel,North,7,644,357
O00830,2024-10-26,C050,Consumer,P01,Desk Lamp,Home,East,6,288,162
O00831,2025-02-09,C015,Business,P01,Desk Lamp,Home,West,7,336,189
O00832,2025-06-29,C050,Consumer,P02,Travel Pack,Travel,East,5,460,255
O00833,2025-12-24,C010,Consumer,P03,Wireless Speaker,Electronics,East,2,250,154
O00834,2025-07-19,C077,Consumer,P01,Desk Lamp,Home,South,7,336,189
O00835,2025-01-07,C078,Business,P02,Travel Pack,Travel,East,6,552,306
O00836,2025-05-03,C078,Business,P02,Travel Pack,Travel,East,1,92,51
O00837,2025-02-08,C022,Consumer,P03,Wireless Speaker,Electronics,East,5,625,385
O00838,2024-04-18,C056,Consumer,P03,Wireless Speaker,Electronics,North,1,125,77
O00839,2024-12-11,C031,Consumer,P03,Wireless Speaker,Electronics,West,3,375,231
O00840,2025-08-25,C072,Business,P01,Desk Lamp,Home,North,3,144,81
O00841,2024-01-07,C024,Business,P01,Desk Lamp,Home,North,8,384,216
O00842,2024-06-27,C064,Consumer,P02,Travel Pack,Travel,North,5,460,255
O00843,2025-09-21,C030,Business,P02,Travel Pack,Travel,East,4,368,204
O00844,2025-03-07,C062,Consumer,P01,Desk Lamp,Home,East,8,384,216
O00845,2025-07-07,C001,Consumer,P02,Travel Pack,Travel,South,3,276,153
O00846,2024-05-19,C053,Consumer,P04,Water Bottle,Outdoor,South,6,168,72
O00847,2024-08-03,C008,Consumer,P04,Water Bottle,Outdoor,North,1,28,12
O00848,2024-07-09,C061,Consumer,P03,Wireless Speaker,Electronics,South,1,125,77
O00849,2025-10-24,C022,Consumer,P02,Travel Pack,Travel,East,4,368,204
O00850,2024-03-12,C060,Business,P03,Wireless Speaker,Electronics,North,5,625,385
O00851,2025-03-01,C077,Consumer,P04,Water Bottle,Outdoor,South,7,196,84
O00852,2024-11-27,C046,Consumer,P02,Travel Pack,Travel,East,4,368,204
O00853,2025-09-18,C041,Consumer,P03,Wireless Speaker,Electronics,South,1,125,77
O00854,2025-05-30,C061,Consumer,P01,Desk Lamp,Home,South,2,96,54
O00855,2025-06-21,C002,Consumer,P04,Water Bottle,Outdoor,East,8,224,96
O00856,2025-08-24,C079,Consumer,P01,Desk Lamp,Home,West,5,240,135
O00857,2025-12-08,C047,Consumer,P04,Water Bottle,Outdoor,West,4,112,48
O00858,2025-09-26,C001,Consumer,P02,Travel Pack,Travel,South,5,460,255
O00859,2024-08-27,C076,Consumer,P03,Wireless Speaker,Electronics,North,3,375,231
O00860,2025-09-15,C012,Business,P01,Desk Lamp,Home,North,1,48,27
O00861,2024-08-08,C003,Business,P02,Travel Pack,Travel,West,3,276,153
O00862,2024-10-02,C040,Consumer,P01,Desk Lamp,Home,North,3,144,81
O00863,2025-05-30,C036,Business,P01,Desk Lamp,Home,North,5,240,135
O00864,2024-04-03,C011,Consumer,P03,Wireless Speaker,Electronics,West,1,125,77
O00865,2025-07-03,C062,Consumer,P04,Water Bottle,Outdoor,East,1,28,12
O00866,2025-03-23,C036,Business,P03,Wireless Speaker,Electronics,North,8,1000,616
O00867,2024-07-15,C078,Business,P02,Travel Pack,Travel,East,7,644,357
O00868,2025-04-15,C067,Consumer,P04,Water Bottle,Outdoor,West,7,196,84
O00869,2024-11-05,C028,Consumer,P02,Travel Pack,Travel,North,8,736,408
O00870,2025-03-20,C065,Consumer,P02,Travel Pack,Travel,South,5,460,255
O00871,2024-07-05,C067,Consumer,P04,Water Bottle,Outdoor,West,2,56,24
O00872,2025-01-31,C045,Business,P01,Desk Lamp,Home,South,4,192,108
O00873,2025-05-02,C034,Consumer,P01,Desk Lamp,Home,East,7,336,189
O00874,2025-07-29,C014,Consumer,P01,Desk Lamp,Home,East,6,288,162
O00875,2024-06-26,C052,Consumer,P02,Travel Pack,Travel,North,1,92,51
O00876,2025-09-28,C041,Consumer,P04,Water Bottle,Outdoor,South,7,196,84
O00877,2025-12-23,C076,Consumer,P02,Travel Pack,Travel,North,4,368,204
O00878,2025-10-13,C024,Business,P03,Wireless Speaker,Electronics,North,4,500,308
O00879,2025-05-05,C031,Consumer,P01,Desk Lamp,Home,West,7,336,189
O00880,2024-01-05,C038,Consumer,P01,Desk Lamp,Home,East,6,288,162
O00881,2025-03-30,C066,Business,P02,Travel Pack,Travel,East,2,184,102
O00882,2024-09-21,C023,Consumer,P02,Travel Pack,Travel,West,7,644,357
O00883,2024-09-14,C015,Business,P03,Wireless Speaker,Electronics,West,5,625,385
O00884,2025-11-28,C049,Consumer,P04,Water Bottle,Outdoor,South,8,224,96
O00885,2025-11-01,C075,Business,P03,Wireless Speaker,Electronics,West,8,1000,616
O00886,2024-12-12,C033,Business,P02,Travel Pack,Travel,South,5,460,255
O00887,2024-02-22,C059,Consumer,P03,Wireless Speaker,Electronics,West,5,625,385
O00888,2024-04-27,C011,Consumer,P01,Desk Lamp,Home,West,3,144,81
O00889,2025-07-05,C007,Consumer,P01,Desk Lamp,Home,West,6,288,162
O00890,2024-07-08,C024,Business,P02,Travel Pack,Travel,North,6,552,306
O00891,2024-03-06,C002,Consumer,P01,Desk Lamp,Home,East,6,288,162
O00892,2025-07-28,C007,Consumer,P03,Wireless Speaker,Electronics,West,3,375,231
O00893,2025-10-06,C074,Consumer,P01,Desk Lamp,Home,East,6,288,162
O00894,2025-06-19,C038,Consumer,P04,Water Bottle,Outdoor,East,1,28,12
O00895,2025-02-03,C026,Consumer,P01,Desk Lamp,Home,East,4,192,108
O00896,2025-05-28,C062,Consumer,P04,Water Bottle,Outdoor,East,1,28,12
O00897,2025-03-01,C078,Business,P03,Wireless Speaker,Electronics,East,8,1000,616
O00898,2025-10-15,C071,Consumer,P02,Travel Pack,Travel,West,8,736,408
O00899,2025-02-06,C024,Business,P04,Water Bottle,Outdoor,North,7,196,84
O00900,2025-07-22,C025,Consumer,P04,Water Bottle,Outdoor,South,7,196,84
O00901,2025-01-17,C057,Business,P01,Desk Lamp,Home,South,8,384,216
O00902,2024-12-31,C019,Consumer,P01,Desk Lamp,Home,West,1,48,27
O00903,2025-12-04,C075,Business,P04,Water Bottle,Outdoor,West,2,56,24
O00904,2024-02-26,C006,Business,P03,Wireless Speaker,Electronics,East,5,625,385
O00905,2024-09-22,C009,Business,P01,Desk Lamp,Home,South,6,288,162
O00906,2024-01-29,C013,Consumer,P04,Water Bottle,Outdoor,South,2,56,24
O00907,2025-04-11,C029,Consumer,P02,Travel Pack,Travel,South,3,276,153
O00908,2024-01-13,C003,Business,P03,Wireless Speaker,Electronics,West,4,500,308
O00909,2024-08-09,C016,Consumer,P02,Travel Pack,Travel,North,7,644,357
O00910,2025-06-15,C008,Consumer,P04,Water Bottle,Outdoor,North,8,224,96
O00911,2025-10-28,C059,Consumer,P04,Water Bottle,Outdoor,West,8,224,96
O00912,2024-06-12,C038,Consumer,P02,Travel Pack,Travel,East,4,368,204
O00913,2025-09-20,C051,Business,P01,Desk Lamp,Home,West,6,288,162
O00914,2024-02-04,C064,Consumer,P04,Water Bottle,Outdoor,North,1,28,12
O00915,2024-01-15,C080,Consumer,P03,Wireless Speaker,Electronics,North,8,1000,616
O00916,2025-07-02,C079,Consumer,P04,Water Bottle,Outdoor,West,8,224,96
O00917,2024-01-04,C025,Consumer,P01,Desk Lamp,Home,South,8,384,216
O00918,2024-07-19,C069,Business,P01,Desk Lamp,Home,South,5,240,135
O00919,2024-07-20,C044,Consumer,P03,Wireless Speaker,Electronics,North,5,625,385
O00920,2025-02-02,C017,Consumer,P01,Desk Lamp,Home,South,3,144,81
O00921,2025-10-18,C080,Consumer,P01,Desk Lamp,Home,North,8,384,216
O00922,2025-07-25,C004,Consumer,P02,Travel Pack,Travel,North,3,276,153
O00923,2024-09-12,C010,Consumer,P04,Water Bottle,Outdoor,East,2,56,24
O00924,2024-02-05,C080,Consumer,P01,Desk Lamp,Home,North,4,192,108
O00925,2025-10-04,C028,Consumer,P01,Desk Lamp,Home,North,1,48,27
O00926,2025-02-02,C066,Business,P02,Travel Pack,Travel,East,1,92,51
O00927,2025-11-01,C074,Consumer,P02,Travel Pack,Travel,East,6,552,306
O00928,2025-04-30,C070,Consumer,P01,Desk Lamp,Home,East,4,192,108
O00929,2024-04-08,C057,Business,P02,Travel Pack,Travel,South,7,644,357
O00930,2024-12-24,C042,Business,P03,Wireless Speaker,Electronics,East,5,625,385
O00931,2024-04-16,C050,Consumer,P03,Wireless Speaker,Electronics,East,2,250,154
O00932,2025-09-25,C016,Consumer,P04,Water Bottle,Outdoor,North,7,196,84
O00933,2025-04-05,C061,Consumer,P02,Travel Pack,Travel,South,8,736,408
O00934,2025-05-17,C078,Business,P02,Travel Pack,Travel,East,2,184,102
O00935,2024-07-11,C080,Consumer,P02,Travel Pack,Travel,North,4,368,204
O00936,2025-09-13,C080,Consumer,P04,Water Bottle,Outdoor,North,5,140,60
O00937,2025-09-12,C055,Consumer,P04,Water Bottle,Outdoor,West,2,56,24
O00938,2025-02-03,C015,Business,P01,Desk Lamp,Home,West,8,384,216
O00939,2025-08-13,C044,Consumer,P01,Desk Lamp,Home,North,4,192,108
O00940,2024-07-02,C004,Consumer,P02,Travel Pack,Travel,North,1,92,51
O00941,2024-09-14,C035,Consumer,P02,Travel Pack,Travel,West,8,736,408
O00942,2024-04-24,C015,Business,P04,Water Bottle,Outdoor,West,5,140,60
O00943,2024-05-11,C036,Business,P02,Travel Pack,Travel,North,1,92,51
O00944,2025-12-22,C053,Consumer,P04,Water Bottle,Outdoor,South,3,84,36
O00945,2024-02-06,C059,Consumer,P04,Water Bottle,Outdoor,West,4,112,48
O00946,2024-02-24,C007,Consumer,P01,Desk Lamp,Home,West,7,336,189
O00947,2025-08-03,C047,Consumer,P01,Desk Lamp,Home,West,4,192,108
O00948,2025-01-30,C029,Consumer,P02,Travel Pack,Travel,South,8,736,408
O00949,2024-07-02,C068,Consumer,P03,Wireless Speaker,Electronics,North,1,125,77
O00950,2024-11-15,C050,Consumer,P01,Desk Lamp,Home,East,7,336,189
O00951,2025-12-18,C056,Consumer,P03,Wireless Speaker,Electronics,North,1,125,77
O00952,2025-06-15,C061,Consumer,P02,Travel Pack,Travel,South,3,276,153
O00953,2024-06-14,C036,Business,P01,Desk Lamp,Home,North,1,48,27
O00954,2024-02-12,C030,Business,P02,Travel Pack,Travel,East,3,276,153
O00955,2024-11-05,C010,Consumer,P01,Desk Lamp,Home,East,3,144,81
O00956,2024-09-08,C023,Consumer,P01,Desk Lamp,Home,West,6,288,162
O00957,2024-05-08,C002,Consumer,P03,Wireless Speaker,Electronics,East,3,375,231
O00958,2024-06-29,C066,Business,P04,Water Bottle,Outdoor,East,7,196,84
O00959,2024-10-30,C046,Consumer,P03,Wireless Speaker,Electronics,East,6,750,462
O00960,2025-05-21,C052,Consumer,P02,Travel Pack,Travel,North,6,552,306
O00961,2024-11-29,C034,Consumer,P01,Desk Lamp,Home,East,8,384,216
O00962,2024-10-01,C022,Consumer,P01,Desk Lamp,Home,East,3,144,81
O00963,2024-09-20,C032,Consumer,P04,Water Bottle,Outdoor,North,3,84,36
O00964,2025-01-19,C046,Consumer,P04,Water Bottle,Outdoor,East,6,168,72
O00965,2025-08-16,C034,Consumer,P01,Desk Lamp,Home,East,1,48,27
O00966,2024-04-07,C039,Business,P04,Water Bottle,Outdoor,West,7,196,84
O00967,2025-03-20,C063,Business,P03,Wireless Speaker,Electronics,West,1,125,77
O00968,2024-12-21,C070,Consumer,P01,Desk Lamp,Home,East,3,144,81
O00969,2024-05-07,C077,Consumer,P01,Desk Lamp,Home,South,6,288,162
O00970,2024-03-12,C032,Consumer,P03,Wireless Speaker,Electronics,North,8,1000,616
O00971,2024-05-24,C014,Consumer,P04,Water Bottle,Outdoor,East,4,112,48
O00972,2024-06-10,C064,Consumer,P04,Water Bottle,Outdoor,North,2,56,24
O00973,2024-08-30,C063,Business,P02,Travel Pack,Travel,West,6,552,306
O00974,2024-02-24,C017,Consumer,P03,Wireless Speaker,Electronics,South,2,250,154
O00975,2025-04-18,C079,Consumer,P04,Water Bottle,Outdoor,West,4,112,48
O00976,2024-01-22,C078,Business,P01,Desk Lamp,Home,East,7,336,189
O00977,2025-08-03,C071,Consumer,P03,Wireless Speaker,Electronics,West,2,250,154
O00978,2024-10-08,C031,Consumer,P01,Desk Lamp,Home,West,1,48,27
O00979,2024-03-31,C045,Business,P01,Desk Lamp,Home,South,3,144,81
O00980,2025-02-12,C072,Business,P01,Desk Lamp,Home,North,4,192,108
O00981,2024-04-27,C072,Business,P02,Travel Pack,Travel,North,3,276,153
O00982,2024-07-01,C074,Consumer,P01,Desk Lamp,Home,East,6,288,162
O00983,2025-02-10,C033,Business,P01,Desk Lamp,Home,South,7,336,189
O00984,2025-06-26,C025,Consumer,P03,Wireless Speaker,Electronics,South,7,875,539
O00985,2024-03-14,C044,Consumer,P02,Travel Pack,Travel,North,3,276,153
O00986,2025-06-29,C007,Consumer,P01,Desk Lamp,Home,West,8,384,216
O00987,2024-03-05,C044,Consumer,P04,Water Bottle,Outdoor,North,4,112,48
O00988,2024-07-01,C075,Business,P03,Wireless Speaker,Electronics,West,3,375,231
O00989,2024-10-07,C064,Consumer,P01,Desk Lamp,Home,North,5,240,135
O00990,2024-01-23,C015,Business,P03,Wireless Speaker,Electronics,West,2,250,154
O00991,2024-01-22,C005,Consumer,P01,Desk Lamp,Home,South,2,96,54
O00992,2024-09-24,C075,Business,P04,Water Bottle,Outdoor,West,7,196,84
O00993,2024-01-17,C017,Consumer,P01,Desk Lamp,Home,South,8,384,216
O00994,2025-02-19,C007,Consumer,P02,Travel Pack,Travel,West,1,92,51
O00995,2025-08-01,C053,Consumer,P04,Water Bottle,Outdoor,South,7,196,84
O00996,2024-07-20,C035,Consumer,P03,Wireless Speaker,Electronics,West,3,375,231
O00997,2025-10-29,C004,Consumer,P02,Travel Pack,Travel,North,6,552,306
O00998,2024-12-17,C069,Business,P02,Travel Pack,Travel,South,1,92,51
O00999,2025-05-10,C057,Business,P02,Travel Pack,Travel,South,6,552,306
O01000,2025-05-09,C010,Consumer,P01,Desk Lamp,Home,East,5,240,135
O01001,2024-08-03,C044,Consumer,P02,Travel Pack,Travel,North,1,92,51
O01002,2024-02-05,C003,Business,P03,Wireless Speaker,Electronics,West,3,375,231
O01003,2024-10-30,C059,Consumer,P02,Travel Pack,Travel,West,8,736,408
O01004,2024-09-13,C039,Business,P02,Travel Pack,Travel,West,7,644,357
O01005,2025-02-20,C061,Consumer,P03,Wireless Speaker,Electronics,South,5,625,385
O01006,2024-02-18,C030,Business,P02,Travel Pack,Travel,East,8,736,408
O01007,2024-01-16,C074,Consumer,P01,Desk Lamp,Home,East,3,144,81
O01008,2025-01-19,C014,Consumer,P02,Travel Pack,Travel,East,8,736,408
O01009,2024-12-19,C073,Consumer,P04,Water Bottle,Outdoor,South,4,112,48
O01010,2024-02-13,C072,Business,P03,Wireless Speaker,Electronics,North,5,625,385
O01011,2025-03-06,C068,Consumer,P01,Desk Lamp,Home,North,5,240,135
O01012,2024-11-08,C005,Consumer,P04,Water Bottle,Outdoor,South,1,28,12
O01013,2025-10-03,C058,Consumer,P02,Travel Pack,Travel,East,8,736,408
O01014,2025-10-29,C067,Consumer,P03,Wireless Speaker,Electronics,West,3,375,231
O01015,2024-08-27,C021,Business,P03,Wireless Speaker,Electronics,South,2,250,154
O01016,2025-11-26,C049,Consumer,P02,Travel Pack,Travel,South,6,552,306
O01017,2024-01-21,C050,Consumer,P02,Travel Pack,Travel,East,6,552,306
O01018,2024-04-20,C006,Business,P02,Travel Pack,Travel,East,2,184,102
O01019,2024-05-06,C027,Business,P04,Water Bottle,Outdoor,West,1,28,12
O01020,2025-03-24,C011,Consumer,P01,Desk Lamp,Home,West,6,288,162
O01021,2024-05-14,C016,Consumer,P01,Desk Lamp,Home,North,6,288,162
O01022,2024-11-09,C016,Consumer,P02,Travel Pack,Travel,North,4,368,204
O01023,2025-01-04,C045,Business,P04,Water Bottle,Outdoor,South,4,112,48
O01024,2025-11-22,C011,Consumer,P03,Wireless Speaker,Electronics,West,8,1000,616
O01025,2025-01-13,C017,Consumer,P03,Wireless Speaker,Electronics,South,8,1000,616
O01026,2025-07-24,C044,Consumer,P04,Water Bottle,Outdoor,North,4,112,48
O01027,2024-03-19,C036,Business,P04,Water Bottle,Outdoor,North,3,84,36
O01028,2025-01-17,C018,Business,P02,Travel Pack,Travel,East,2,184,102
O01029,2024-08-20,C040,Consumer,P04,Water Bottle,Outdoor,North,3,84,36
O01030,2025-07-10,C013,Consumer,P04,Water Bottle,Outdoor,South,1,28,12
O01031,2024-11-24,C051,Business,P01,Desk Lamp,Home,West,1,48,27
O01032,2024-07-14,C006,Business,P04,Water Bottle,Outdoor,East,2,56,24
O01033,2025-06-14,C051,Business,P01,Desk Lamp,Home,West,3,144,81
O01034,2025-03-01,C013,Consumer,P01,Desk Lamp,Home,South,3,144,81
O01035,2025-04-17,C006,Business,P02,Travel Pack,Travel,East,8,736,408
O01036,2024-09-05,C011,Consumer,P04,Water Bottle,Outdoor,West,7,196,84
O01037,2024-09-01,C032,Consumer,P03,Wireless Speaker,Electronics,North,1,125,77
O01038,2024-09-27,C046,Consumer,P04,Water Bottle,Outdoor,East,4,112,48
O01039,2025-06-07,C008,Consumer,P02,Travel Pack,Travel,North,7,644,357
O01040,2024-01-06,C013,Consumer,P04,Water Bottle,Outdoor,South,3,84,36
O01041,2024-09-22,C030,Business,P04,Water Bottle,Outdoor,East,5,140,60
O01042,2024-08-19,C051,Business,P04,Water Bottle,Outdoor,West,2,56,24
O01043,2025-01-04,C074,Consumer,P01,Desk Lamp,Home,East,8,384,216
O01044,2024-02-08,C005,Consumer,P02,Travel Pack,Travel,South,7,644,357
O01045,2024-03-04,C060,Business,P01,Desk Lamp,Home,North,6,288,162
O01046,2024-05-31,C036,Business,P02,Travel Pack,Travel,North,1,92,51
O01047,2024-12-20,C058,Consumer,P04,Water Bottle,Outdoor,East,3,84,36
O01048,2025-12-27,C066,Business,P03,Wireless Speaker,Electronics,East,5,625,385
O01049,2025-11-06,C034,Consumer,P04,Water Bottle,Outdoor,East,7,196,84
O01050,2025-03-03,C045,Business,P01,Desk Lamp,Home,South,8,384,216
O01051,2025-09-05,C016,Consumer,P01,Desk Lamp,Home,North,6,288,162
O01052,2024-04-26,C001,Consumer,P01,Desk Lamp,Home,South,7,336,189
O01053,2024-11-09,C034,Consumer,P02,Travel Pack,Travel,East,6,552,306
O01054,2024-06-19,C037,Consumer,P04,Water Bottle,Outdoor,South,4,112,48
O01055,2025-04-01,C076,Consumer,P02,Travel Pack,Travel,North,4,368,204
O01056,2025-02-13,C054,Business,P02,Travel Pack,Travel,East,2,184,102
O01057,2025-07-30,C019,Consumer,P04,Water Bottle,Outdoor,West,7,196,84
O01058,2024-02-14,C020,Consumer,P03,Wireless Speaker,Electronics,North,8,1000,616
O01059,2024-03-16,C003,Business,P03,Wireless Speaker,Electronics,West,5,625,385
O01060,2025-05-04,C045,Business,P04,Water Bottle,Outdoor,South,4,112,48
O01061,2024-06-04,C057,Business,P03,Wireless Speaker,Electronics,South,1,125,77
O01062,2024-05-19,C025,Consumer,P02,Travel Pack,Travel,South,8,736,408
O01063,2024-08-22,C060,Business,P02,Travel Pack,Travel,North,1,92,51
O01064,2025-07-01,C003,Business,P04,Water Bottle,Outdoor,West,4,112,48
O01065,2025-11-29,C055,Consumer,P04,Water Bottle,Outdoor,West,3,84,36
O01066,2025-02-22,C048,Business,P01,Desk Lamp,Home,North,6,288,162
O01067,2024-10-14,C045,Business,P01,Desk Lamp,Home,South,5,240,135
O01068,2025-05-18,C071,Consumer,P01,Desk Lamp,Home,West,2,96,54
O01069,2025-10-11,C058,Consumer,P04,Water Bottle,Outdoor,East,6,168,72
O01070,2025-09-24,C077,Consumer,P03,Wireless Speaker,Electronics,South,6,750,462
O01071,2024-04-20,C063,Business,P03,Wireless Speaker,Electronics,West,1,125,77
O01072,2024-12-21,C069,Business,P02,Travel Pack,Travel,South,4,368,204
O01073,2025-07-16,C045,Business,P03,Wireless Speaker,Electronics,South,5,625,385
O01074,2024-03-19,C011,Consumer,P02,Travel Pack,Travel,West,3,276,153
O01075,2024-01-20,C035,Consumer,P04,Water Bottle,Outdoor,West,7,196,84
O01076,2025-08-08,C034,Consumer,P03,Wireless Speaker,Electronics,East,2,250,154
O01077,2025-12-07,C078,Business,P01,Desk Lamp,Home,East,2,96,54
O01078,2024-05-05,C023,Consumer,P04,Water Bottle,Outdoor,West,2,56,24
O01079,2024-07-22,C005,Consumer,P04,Water Bottle,Outdoor,South,1,28,12
O01080,2024-03-06,C034,Consumer,P01,Desk Lamp,Home,East,3,144,81
O01081,2025-06-22,C072,Business,P03,Wireless Speaker,Electronics,North,3,375,231
O01082,2024-03-04,C047,Consumer,P04,Water Bottle,Outdoor,West,6,168,72
O01083,2024-03-30,C027,Business,P03,Wireless Speaker,Electronics,West,5,625,385
O01084,2025-06-21,C063,Business,P03,Wireless Speaker,Electronics,West,3,375,231
O01085,2025-06-02,C032,Consumer,P03,Wireless Speaker,Electronics,North,5,625,385
O01086,2025-06-17,C051,Business,P04,Water Bottle,Outdoor,West,1,28,12
O01087,2025-12-10,C066,Business,P03,Wireless Speaker,Electronics,East,3,375,231
O01088,2025-01-16,C068,Consumer,P03,Wireless Speaker,Electronics,North,5,625,385
O01089,2024-12-05,C024,Business,P02,Travel Pack,Travel,North,1,92,51
O01090,2024-05-25,C062,Consumer,P04,Water Bottle,Outdoor,East,3,84,36
O01091,2024-04-27,C039,Business,P01,Desk Lamp,Home,West,7,336,189
O01092,2024-09-29,C001,Consumer,P01,Desk Lamp,Home,South,6,288,162
O01093,2024-02-18,C067,Consumer,P02,Travel Pack,Travel,West,8,736,408
O01094,2024-04-25,C036,Business,P03,Wireless Speaker,Electronics,North,5,625,385
O01095,2024-02-09,C010,Consumer,P01,Desk Lamp,Home,East,7,336,189
O01096,2024-08-13,C041,Consumer,P01,Desk Lamp,Home,South,5,240,135
O01097,2025-09-09,C061,Consumer,P04,Water Bottle,Outdoor,South,5,140,60
O01098,2024-02-09,C072,Business,P01,Desk Lamp,Home,North,2,96,54
O01099,2024-07-25,C079,Consumer,P01,Desk Lamp,Home,West,3,144,81
O01100,2024-10-04,C038,Consumer,P04,Water Bottle,Outdoor,East,6,168,72
O01101,2025-11-05,C055,Consumer,P02,Travel Pack,Travel,West,5,460,255
O01102,2024-02-24,C054,Business,P01,Desk Lamp,Home,East,7,336,189
O01103,2025-10-27,C075,Business,P02,Travel Pack,Travel,West,2,184,102
O01104,2024-04-24,C080,Consumer,P02,Travel Pack,Travel,North,8,736,408
O01105,2025-04-07,C039,Business,P01,Desk Lamp,Home,West,1,48,27
O01106,2025-11-06,C044,Consumer,P01,Desk Lamp,Home,North,3,144,81
O01107,2025-01-04,C042,Business,P02,Travel Pack,Travel,East,6,552,306
O01108,2024-11-21,C063,Business,P01,Desk Lamp,Home,West,7,336,189
O01109,2024-09-19,C021,Business,P01,Desk Lamp,Home,South,1,48,27
O01110,2024-04-30,C006,Business,P04,Water Bottle,Outdoor,East,1,28,12
O01111,2025-03-24,C029,Consumer,P04,Water Bottle,Outdoor,South,2,56,24
O01112,2025-06-28,C070,Consumer,P02,Travel Pack,Travel,East,7,644,357
O01113,2025-08-01,C010,Consumer,P02,Travel Pack,Travel,East,7,644,357
O01114,2025-07-15,C041,Consumer,P02,Travel Pack,Travel,South,4,368,204
O01115,2024-05-15,C077,Consumer,P01,Desk Lamp,Home,South,3,144,81
O01116,2024-08-21,C044,Consumer,P02,Travel Pack,Travel,North,4,368,204
O01117,2024-12-31,C024,Business,P01,Desk Lamp,Home,North,3,144,81
O01118,2025-09-18,C059,Consumer,P04,Water Bottle,Outdoor,West,6,168,72
O01119,2024-08-15,C014,Consumer,P02,Travel Pack,Travel,East,2,184,102
O01120,2025-11-30,C075,Business,P02,Travel Pack,Travel,West,6,552,306
O01121,2024-09-11,C079,Consumer,P02,Travel Pack,Travel,West,2,184,102
O01122,2024-06-12,C013,Consumer,P02,Travel Pack,Travel,South,3,276,153
O01123,2024-04-17,C012,Business,P01,Desk Lamp,Home,North,3,144,81
O01124,2025-07-20,C064,Consumer,P02,Travel Pack,Travel,North,7,644,357
O01125,2025-02-09,C033,Business,P03,Wireless Speaker,Electronics,South,5,625,385
O01126,2025-04-09,C003,Business,P02,Travel Pack,Travel,West,7,644,357
O01127,2025-05-31,C021,Business,P03,Wireless Speaker,Electronics,South,1,125,77
O01128,2024-09-07,C001,Consumer,P02,Travel Pack,Travel,South,3,276,153
O01129,2025-07-01,C057,Business,P04,Water Bottle,Outdoor,South,8,224,96
O01130,2025-10-21,C049,Consumer,P02,Travel Pack,Travel,South,4,368,204
O01131,2025-02-04,C056,Consumer,P02,Travel Pack,Travel,North,8,736,408
O01132,2024-09-04,C010,Consumer,P03,Wireless Speaker,Electronics,East,4,500,308
O01133,2025-04-15,C074,Consumer,P02,Travel Pack,Travel,East,2,184,102
O01134,2025-05-04,C008,Consumer,P01,Desk Lamp,Home,North,8,384,216
O01135,2024-10-19,C044,Consumer,P03,Wireless Speaker,Electronics,North,6,750,462
O01136,2025-11-01,C013,Consumer,P04,Water Bottle,Outdoor,South,6,168,72
O01137,2025-09-18,C042,Business,P03,Wireless Speaker,Electronics,East,7,875,539
O01138,2024-06-11,C024,Business,P01,Desk Lamp,Home,North,2,96,54
O01139,2025-02-10,C010,Consumer,P04,Water Bottle,Outdoor,East,8,224,96
O01140,2025-07-30,C006,Business,P03,Wireless Speaker,Electronics,East,5,625,385
O01141,2025-06-23,C054,Business,P02,Travel Pack,Travel,East,7,644,357
O01142,2024-08-16,C011,Consumer,P02,Travel Pack,Travel,West,4,368,204
O01143,2025-02-04,C003,Business,P02,Travel Pack,Travel,West,7,644,357
O01144,2025-10-09,C013,Consumer,P04,Water Bottle,Outdoor,South,2,56,24
O01145,2024-05-19,C063,Business,P02,Travel Pack,Travel,West,2,184,102
O01146,2024-03-23,C023,Consumer,P01,Desk Lamp,Home,West,4,192,108
O01147,2025-05-08,C053,Consumer,P02,Travel Pack,Travel,South,3,276,153
O01148,2024-01-11,C024,Business,P02,Travel Pack,Travel,North,2,184,102
O01149,2024-10-30,C057,Business,P02,Travel Pack,Travel,South,4,368,204
O01150,2024-08-03,C057,Business,P04,Water Bottle,Outdoor,South,3,84,36
O01151,2024-07-23,C069,Business,P04,Water Bottle,Outdoor,South,3,84,36
O01152,2025-10-15,C035,Consumer,P02,Travel Pack,Travel,West,5,460,255
O01153,2025-08-04,C070,Consumer,P03,Wireless Speaker,Electronics,East,8,1000,616
O01154,2025-08-08,C008,Consumer,P04,Water Bottle,Outdoor,North,3,84,36
O01155,2025-09-17,C022,Consumer,P02,Travel Pack,Travel,East,4,368,204
O01156,2024-02-05,C029,Consumer,P03,Wireless Speaker,Electronics,South,1,125,77
O01157,2024-03-22,C056,Consumer,P04,Water Bottle,Outdoor,North,3,84,36
O01158,2024-01-07,C026,Consumer,P02,Travel Pack,Travel,East,8,736,408
O01159,2025-07-07,C059,Consumer,P03,Wireless Speaker,Electronics,West,6,750,462
O01160,2024-09-14,C014,Consumer,P03,Wireless Speaker,Electronics,East,7,875,539
O01161,2024-09-30,C039,Business,P02,Travel Pack,Travel,West,3,276,153
O01162,2025-09-01,C072,Business,P02,Travel Pack,Travel,North,3,276,153
O01163,2024-11-25,C007,Consumer,P03,Wireless Speaker,Electronics,West,5,625,385
O01164,2024-05-11,C060,Business,P02,Travel Pack,Travel,North,1,92,51
O01165,2025-01-21,C034,Consumer,P01,Desk Lamp,Home,East,6,288,162
O01166,2025-03-28,C033,Business,P02,Travel Pack,Travel,South,4,368,204
O01167,2025-09-06,C080,Consumer,P04,Water Bottle,Outdoor,North,6,168,72
O01168,2024-03-02,C056,Consumer,P01,Desk Lamp,Home,North,3,144,81
O01169,2025-02-10,C030,Business,P04,Water Bottle,Outdoor,East,2,56,24
O01170,2024-01-03,C007,Consumer,P03,Wireless Speaker,Electronics,West,5,625,385
O01171,2025-04-16,C030,Business,P02,Travel Pack,Travel,East,3,276,153
O01172,2025-09-05,C072,Business,P02,Travel Pack,Travel,North,6,552,306
O01173,2025-05-03,C049,Consumer,P01,Desk Lamp,Home,South,7,336,189
O01174,2024-07-22,C002,Consumer,P03,Wireless Speaker,Electronics,East,3,375,231
O01175,2025-01-19,C015,Business,P01,Desk Lamp,Home,West,7,336,189
O01176,2025-12-15,C013,Consumer,P01,Desk Lamp,Home,South,1,48,27
O01177,2025-03-27,C002,Consumer,P02,Travel Pack,Travel,East,6,552,306
O01178,2024-04-17,C017,Consumer,P02,Travel Pack,Travel,South,2,184,102
O01179,2024-04-10,C005,Consumer,P03,Wireless Speaker,Electronics,South,8,1000,616
O01180,2025-01-31,C006,Business,P03,Wireless Speaker,Electronics,East,7,875,539
O01181,2025-06-15,C080,Consumer,P02,Travel Pack,Travel,North,5,460,255
O01182,2024-05-02,C017,Consumer,P02,Travel Pack,Travel,South,1,92,51
O01183,2025-04-15,C019,Consumer,P03,Wireless Speaker,Electronics,West,3,375,231
O01184,2024-11-21,C016,Consumer,P01,Desk Lamp,Home,North,1,48,27
O01185,2024-01-22,C018,Business,P03,Wireless Speaker,Electronics,East,8,1000,616
O01186,2025-01-18,C073,Consumer,P04,Water Bottle,Outdoor,South,8,224,96
O01187,2025-04-06,C022,Consumer,P01,Desk Lamp,Home,East,2,96,54
O01188,2025-06-11,C050,Consumer,P04,Water Bottle,Outdoor,East,8,224,96
O01189,2024-03-28,C001,Consumer,P01,Desk Lamp,Home,South,1,48,27
O01190,2024-01-26,C055,Consumer,P01,Desk Lamp,Home,West,4,192,108
O01191,2024-04-12,C039,Business,P02,Travel Pack,Travel,West,3,276,153
O01192,2025-06-17,C062,Consumer,P01,Desk Lamp,Home,East,7,336,189
O01193,2024-07-26,C045,Business,P04,Water Bottle,Outdoor,South,3,84,36
O01194,2024-03-09,C052,Consumer,P02,Travel Pack,Travel,North,7,644,357
O01195,2024-02-19,C066,Business,P01,Desk Lamp,Home,East,1,48,27
O01196,2025-08-13,C004,Consumer,P03,Wireless Speaker,Electronics,North,8,1000,616
O01197,2024-03-30,C029,Consumer,P03,Wireless Speaker,Electronics,South,6,750,462
O01198,2024-05-14,C004,Consumer,P04,Water Bottle,Outdoor,North,7,196,84
O01199,2025-10-15,C052,Consumer,P03,Wireless Speaker,Electronics,North,7,875,539
O01200,2025-12-11,C034,Consumer,P04,Water Bottle,Outdoor,East,1,28,12
